Location,Date of Accident,Time of Accident,Accident Severity,Collision Type,Cause of Accident,Number of Vehicles,Vehicle Types,Driver Age Group,Number of Fatalities,Number of Injuries,Property Damage Level,location_standardized,location_name,formatted_address,latitude,longitude,conditions,precip,visibility,humidity,cloudcover,sunrise,sunset,weather_condition_label,visibility_level
Hulftsdorp Junction,2024-04-27,18:51,Fatal,Motorcycle Collision,Failure to Yield,2,Motorcycle; Three Wheeler,18-25,1,1,High,"Hulftsdorp Junction, Colombo, Sri Lanka","Hulftsdorp Junction, Colombo, Sri Lanka","Hultsdorf St, Colombo, Sri Lanka",6.9375553,79.8608161,"Rain, Partially cloudy",0.126,7.1,85.8,53.2,2024-04-27T05:57:57,2024-04-27T18:18:46,Light Rain,Good
Mutwal Road Mutwal,2025-07-27,07:35,Fatal,Multi-vehicle Collision,Reckless Driving,4,Car; Three Wheeler; Motorcycle; Van,26-35,2,8,Moderate,"Mutwal Road Mutwal, Colombo, Sri Lanka","Mutwal Road Mutwal, Colombo, Sri Lanka","Muthuwella Mawatha, Colombo, Sri Lanka",6.9640994,79.8649458,Partially cloudy,0.0,6.8,77.3,32.4,2025-07-27T06:04:03,2025-07-27T18:30:27,Partially Cloudy,Good
Bauddhaloka Mawatha Cinnamon Gardens,2024-09-23,22:50,Minor Injury,Multi-vehicle Collision,Distracted Driving,2,Three Wheeler; Motorcycle,36-45,0,2,Moderate,"Bauddhaloka Mawatha Cinnamon Gardens, Colombo, Sri Lanka","Bauddhaloka Mawatha Cinnamon Gardens, Colombo, Sri Lanka","Bauddhaloka Mawatha, Colombo 00700, Sri Lanka",6.901932,79.8694402,Partially cloudy,0.0,6.2,77.5,56.4,2024-09-23T05:59:45,2024-09-23T18:06:11,Partially Cloudy,Good
"No. 65 Vajira Road, Colombo 05",2023-02-07,15:03,Minor Injury,Pedestrian Collision,Reckless Driving,1,Motorcycle,46-55,0,1,Low,"No. 65 Vajira Road, Colombo 05, Colombo, Sri Lanka","No. 65 Vajira Road, Colombo 05, Colombo, Sri Lanka","65 Vajira Rd, Colombo 00500, Sri Lanka",6.891528699999999,79.8608558,Partially cloudy,0.007,8.5,81.0,58.9,2023-02-07T06:29:01,2023-02-07T18:20:42,Partially Cloudy,Good
Justice Akbar Mawatha Slave Island,2025-11-06,23:50,Minor Injury,Multi-vehicle Collision,Overspeeding,4,Three Wheeler; Car; Van; Motorcycle,18-25,0,3,Low,"Justice Akbar Mawatha Slave Island, Colombo, Sri Lanka","Justice Akbar Mawatha Slave Island, Colombo, Sri Lanka","Justice Akbar Mawatha, Colombo, Sri Lanka",6.9238481,79.8503668,"Rain, Partially cloudy",0.228,7.0,75.4,39.1,2025-11-06T05:58:47,2025-11-06T17:49:46,Light Rain,Good
Kotahena Junction,2022-11-16,18:07,Serious Injury,Motorcycle Collision,Poor Visibility,4,Motorcycle; Bicycle; Three Wheeler; Car,56+,0,6,High,"Kotahena Junction, Colombo, Sri Lanka","Kotahena Junction, Colombo, Sri Lanka","Kotahena St, Colombo 01300, Sri Lanka",6.9494699,79.8626776,Partially cloudy,0.004,8.0,81.3,23.2,2022-11-16T06:01:15,2022-11-16T17:49:28,Partially Cloudy,Good
Sea Street Kotahena,2024-07-23,20:54,Serious Injury,Pedestrian Collision,Driver Negligence,2,Car; Van,26-35,0,4,High,"Sea Street Kotahena, Colombo, Sri Lanka","Sea Street Kotahena, Colombo, Sri Lanka","Sea St, Colombo 01300, Sri Lanka",6.9418464,79.8542501,"Rain, Partially cloudy",0.472,7.4,79.7,32.5,2024-07-23T06:03:33,2024-07-23T18:30:53,Light Rain,Good
Hulftsdorp Junction,2024-11-18,20:18,Serious Injury,Multi-vehicle Collision,Unsafe Lane Change,4,Motorcycle; Three Wheeler; Lorry; Car,26-35,0,2,High,"Hulftsdorp Junction, Colombo, Sri Lanka","Hulftsdorp Junction, Colombo, Sri Lanka","Hultsdorf St, Colombo, Sri Lanka",6.9375553,79.8608161,"Rain, Partially cloudy",0.398,11.7,84.9,76.1,2024-11-18T06:02:05,2024-11-18T17:49:41,Light Rain,Good
Borella Police Area,2022-12-19,19:01,Minor Injury,Single Vehicle Crash,Driver Negligence,1,Bus,36-45,0,1,Low,"Borella Police Area, Colombo, Sri Lanka","Borella Police Area, Colombo, Sri Lanka","Colombo 08, Colombo, Sri Lanka",6.9147836,79.8775951,"Rain, Partially cloudy",0.329,7.4,86.9,33.7,2022-12-19T06:16:03,2022-12-19T17:59:17,Light Rain,Good
Havelock Road Havelock Town,2023-12-19,17:40,Fatal,Rear-end Collision,Failure to Yield,2,Bicycle; Motorcycle,36-45,1,5,High,"Havelock Road Havelock Town, Colombo, Sri Lanka","Havelock Road Havelock Town, Colombo, Sri Lanka","Havelock Rd, Colombo 00500, Sri Lanka",6.8903417,79.8638234,"Rain, Partially cloudy",0.142,8.5,85.1,61.9,2023-12-19T06:15:56,2023-12-19T17:59:11,Light Rain,Good
Baseline Road Borella,2022-06-03,18:30,Minor Injury,Single Vehicle Crash,Driver Negligence,1,Lorry,18-25,0,1,Moderate,"Baseline Road Borella, Colombo, Sri Lanka","Baseline Road Borella, Colombo, Sri Lanka","Baseline Rd, Colombo, Sri Lanka",6.919902,79.8776917,"Rain, Partially cloudy",0.304,7.9,82.6,29.3,2022-06-03T05:53:48,2022-06-03T18:23:54,Light Rain,Good
Town Hall Area,2022-12-14,18:38,Minor Injury,Motorcycle Collision,Driver Fatigue,3,Motorcycle; Bicycle; Car,36-45,0,1,Moderate,"Town Hall Area, Colombo, Sri Lanka","Town Hall Area, Colombo, Sri Lanka","Town Hall, Colombo 01000, Sri Lanka",6.9158502,79.8637861,"Rain, Partially cloudy",0.599,7.8,79.7,22.6,2022-12-14T06:13:31,2022-12-14T17:56:58,Light Rain,Good
Panchikawatte,2025-07-07,21:06,Serious Injury,Multi-vehicle Collision,Driver Negligence,3,Car; Motorcycle; Lorry,56+,0,5,Moderate,"Panchikawatte, Colombo, Sri Lanka","Panchikawatte, Colombo, Sri Lanka","Panchikawatta, Colombo 01000, Sri Lanka",6.9309682,79.8639835,Partially cloudy,0.0,6.7,73.5,23.3,2025-07-07T06:00:29,2025-07-07T18:30:52,Partially Cloudy,Good
Fort Railway Station Area,2024-10-27,17:07,Minor Injury,Motorcycle Collision,Driver Negligence,1,Motorcycle,56+,0,1,Low,"Fort Railway Station Area, Colombo, Sri Lanka","Fort Railway Station Area, Colombo, Sri Lanka","Fort Railway station, Colombo, Sri Lanka",6.9337011,79.85003019999999,"Rain, Partially cloudy",0.055,5.9,89.6,52.6,2024-10-27T05:57:26,2024-10-27T17:51:32,Light Rain,Moderate
Union Place Borella,2024-06-14,09:42,Minor Injury,Side-impact Collision,Driver Negligence,2,Lorry; Bicycle,18-25,0,1,Low,"Union Place Borella, Colombo, Sri Lanka","Union Place Borella, Colombo, Sri Lanka","Colombo 08, Colombo, Sri Lanka",6.9147836,79.8775951,Partially cloudy,0.0,6.8,75.8,53.4,2024-06-14T05:55:27,2024-06-14T18:26:43,Partially Cloudy,Good
"Junction of Beira Lake Road and Ananda Coomaraswamy Mawatha, Colombo 03",2022-04-06,19:36,Minor Injury,Pedestrian Collision,Overspeeding,1,Motorcycle,56+,0,1,High,"Junction of Beira Lake Road and Ananda Coomaraswamy Mawatha, Colombo 03, Colombo, Sri Lanka","Junction of Beira Lake Road and Ananda Coomaraswamy Mawatha, Colombo 03, Colombo, Sri Lanka","42/3 Ananda Coomaraswamy Mawatha, Colombo 00030, Sri Lanka",6.911646999999999,79.8528456,Clear,0.0,8.1,83.1,16.5,2022-04-06T06:06:40,2022-04-06T18:19:44,Clear,Good
Pamankada Junction,2025-01-01,13:50,Minor Injury,Pedestrian Collision,Reckless Driving,2,Car; Bus,18-25,0,2,Low,"Pamankada Junction, Colombo, Sri Lanka","Pamankada Junction, Colombo, Sri Lanka","Pamankada Ln, Colombo, Sri Lanka",6.8756803,79.8676529,Partially cloudy,0.004,7.3,87.8,68.9,2025-01-01T06:22:27,2025-01-01T18:06:10,Partially Cloudy,Good
Bambalapitiya Market Area,2024-03-21,19:05,Minor Injury,Pedestrian Collision,Overspeeding,1,Motorcycle,26-35,0,2,Moderate,"Bambalapitiya Market Area, Colombo, Sri Lanka","Bambalapitiya Market Area, Colombo, Sri Lanka","Bambalapitiya, Colombo, Sri Lanka",6.904361000000001,79.8540397,Partially cloudy,0.0,5.8,76.0,51.7,2024-03-21T06:14:14,2024-03-21T18:21:24,Partially Cloudy,Moderate
Panchikawatte,2024-01-26,17:33,Minor Injury,Motorcycle Collision,Distracted Driving,2,Motorcycle; Car,36-45,0,2,Low,"Panchikawatte, Colombo, Sri Lanka","Panchikawatte, Colombo, Sri Lanka","Panchikawatta, Colombo 01000, Sri Lanka",6.9309682,79.8639835,Clear,0.0,6.7,69.9,18.1,2024-01-26T06:29:04,2024-01-26T18:17:12,Clear,Good
Baseline Road Borella,2025-09-21,12:36,Minor Injury,Multi-vehicle Collision,Reckless Driving,4,Motorcycle; Bicycle; Car; Van,56+,0,2,Moderate,"Baseline Road Borella, Colombo, Sri Lanka","Baseline Road Borella, Colombo, Sri Lanka","Baseline Rd, Colombo, Sri Lanka",6.919902,79.8776917,"Rain, Partially cloudy",0.2,7.1,76.5,32.2,2025-09-21T06:00:08,2025-09-21T18:07:25,Light Rain,Good
Maradana Junction,2023-12-17,19:56,Serious Injury,Motorcycle Collision,Overspeeding,2,Motorcycle; Van,46-55,0,4,High,"Maradana Junction, Colombo, Sri Lanka","Maradana Junction, Colombo, Sri Lanka","Maradana Junction, Colombo 01000, Sri Lanka",6.928874,79.8637428,"Rain, Partially cloudy",0.54,7.3,86.0,56.3,2023-12-17T06:14:55,2023-12-17T17:58:14,Light Rain,Good
Borella Junction,2025-02-21,12:46,Fatal,Pedestrian Collision,Reckless Driving,1,Lorry,36-45,1,5,Moderate,"Borella Junction, Colombo, Sri Lanka","Borella Junction, Colombo, Sri Lanka","18 Dr NM Perera Mawatha Rd, Colombo 00800, Sri Lanka",6.9139525,79.878481,Partially cloudy,0.0,7.6,69.2,21.1,2025-02-21T06:26:04,2025-02-21T18:22:39,Partially Cloudy,Good
Bambalapitiya Junction,2024-04-17,04:11,Serious Injury,Rear-end Collision,Reckless Driving,3,Lorry; Motorcycle; Car,36-45,0,5,High,"Bambalapitiya Junction, Colombo, Sri Lanka","Bambalapitiya Junction, Colombo, Sri Lanka","Bambalapitiya, Colombo 00500, Sri Lanka",6.8894192,79.8575468,Partially cloudy,0.0,6.4,81.9,40.3,2024-04-17T06:01:36,2024-04-17T18:18:55,Partially Cloudy,Good
Maradana Junction,2024-04-12,20:23,Minor Injury,Rear-end Collision,Failure to Yield,3,Three Wheeler; Car; Motorcycle,26-35,0,4,Low,"Maradana Junction, Colombo, Sri Lanka","Maradana Junction, Colombo, Sri Lanka","Maradana Junction, Colombo 01000, Sri Lanka",6.928874,79.8637428,"Rain, Partially cloudy",0.016,6.8,87.5,51.3,2024-04-12T06:03:43,2024-04-12T18:19:13,Light Rain,Good
Wellawatte Junction,2022-01-11,07:29,Minor Injury,Single Vehicle Crash,Distracted Driving,1,Car,18-25,0,1,Low,"Wellawatte Junction, Colombo, Sri Lanka","Wellawatte Junction, Colombo, Sri Lanka","Wellawatte, Colombo 00600, Sri Lanka",6.874092099999999,79.8604934,Partially cloudy,0.003,7.5,79.3,21.5,2022-01-11T06:26:03,2022-01-11T18:11:02,Partially Cloudy,Good
Fort Railway Station Area,2022-04-11,09:56,Serious Injury,Motorcycle Collision,Failure to Yield,2,Motorcycle; Van,26-35,0,4,High,"Fort Railway Station Area, Colombo, Sri Lanka","Fort Railway Station Area, Colombo, Sri Lanka","Fort Railway station, Colombo, Sri Lanka",6.9337011,79.85003019999999,"Rain, Partially cloudy",1.194,8.0,91.0,31.3,2022-04-11T06:04:22,2022-04-11T18:19:18,Light Rain,Good
Pettah Clock Tower Area,2022-04-26,09:59,Minor Injury,Rear-end Collision,Driver Negligence,2,Car; Bus,18-25,0,4,High,"Pettah Clock Tower Area, Colombo, Sri Lanka","Pettah Clock Tower Area, Colombo, Sri Lanka","Pettah, Colombo, Sri Lanka",6.9367858,79.8525385,Partially cloudy,0.004,8.2,83.3,24.3,2022-04-26T05:58:26,2022-04-26T18:18:43,Partially Cloudy,Good
Union Place Borella,2025-02-13,09:35,Minor Injury,Side-impact Collision,Pedestrian Negligence,2,Three Wheeler; Motorcycle,36-45,0,4,High,"Union Place Borella, Colombo, Sri Lanka","Union Place Borella, Colombo, Sri Lanka","Colombo 08, Colombo, Sri Lanka",6.9147836,79.8775951,Clear,0.0,7.2,68.5,16.1,2025-02-13T06:28:04,2025-02-13T18:21:52,Clear,Good
Mutwal Road Mutwal,2022-10-20,14:48,Serious Injury,Single Vehicle Crash,Overspeeding,1,Three Wheeler,26-35,0,5,High,"Mutwal Road Mutwal, Colombo, Sri Lanka","Mutwal Road Mutwal, Colombo, Sri Lanka","Muthuwella Mawatha, Colombo, Sri Lanka",6.9640994,79.8649458,"Rain, Partially cloudy",0.051,8.2,80.7,32.5,2022-10-20T05:57:07,2022-10-20T17:53:48,Light Rain,Good
Kochchikade Junction,2025-01-04,23:56,Minor Injury,Side-impact Collision,Reckless Driving,2,Motorcycle; Three Wheeler,26-35,0,3,Low,"Kochchikade Junction, Colombo, Sri Lanka","Kochchikade Junction, Colombo, Sri Lanka","Colombo, Sri Lanka",6.9270786,79.861243,Partially cloudy,0.0,6.3,73.9,58.6,2025-01-04T06:23:41,2025-01-04T18:07:43,Partially Cloudy,Good
Pettah Market Area,2022-06-19,14:26,Minor Injury,Side-impact Collision,Driver Fatigue,2,Motorcycle; Bus,36-45,0,3,Low,"Pettah Market Area, Colombo, Sri Lanka","Pettah Market Area, Colombo, Sri Lanka","WVP3+VMM, Keyzer St, Colombo 01100, Sri Lanka",6.937201699999999,79.854187,"Rain, Partially cloudy",0.348,8.1,86.7,26.5,2022-06-19T05:56:18,2022-06-19T18:27:44,Light Rain,Good
High Level Road Kirulapone,2024-05-17,07:19,Minor Injury,Rear-end Collision,Overspeeding,4,Motorcycle; Car; Bus; Van,56+,0,4,Moderate,"High Level Road Kirulapone, Colombo, Sri Lanka","High Level Road Kirulapone, Colombo, Sri Lanka","High Level Rd, Colombo, Sri Lanka",6.8775584,79.8793098,"Rain, Partially cloudy",0.016,5.9,91.4,47.1,2024-05-17T05:53:47,2024-05-17T18:20:33,Light Rain,Moderate
Justice Akbar Mawatha Slave Island,2025-10-01,14:36,Fatal,Rear-end Collision,Overspeeding,4,Van; Bus; Motorcycle; Three Wheeler,46-55,1,4,High,"Justice Akbar Mawatha Slave Island, Colombo, Sri Lanka","Justice Akbar Mawatha Slave Island, Colombo, Sri Lanka","Justice Akbar Mawatha, Colombo, Sri Lanka",6.9238481,79.8503668,Partially cloudy,0.044,7.6,75.7,44.5,2025-10-01T05:58:36,2025-10-01T18:02:06,Partially Cloudy,Good
Wellawatte Junction,2022-07-15,15:59,Fatal,Side-impact Collision,Overspeeding,3,Lorry; Three Wheeler; Van,18-25,1,4,Moderate,"Wellawatte Junction, Colombo, Sri Lanka","Wellawatte Junction, Colombo, Sri Lanka","Wellawatte, Colombo 00600, Sri Lanka",6.874092099999999,79.8604934,"Rain, Partially cloudy",0.024,6.5,85.1,24.0,2022-07-15T06:02:05,2022-07-15T18:31:14,Light Rain,Good
Cambridge Place Colombo 07,2022-05-25,20:10,Serious Injury,Motorcycle Collision,Overspeeding,2,Motorcycle; Van,36-45,0,6,High,"Cambridge Place Colombo 07, Colombo, Sri Lanka","Cambridge Place Colombo 07, Colombo, Sri Lanka","Cambridge Pl, Colombo 00700, Sri Lanka",6.9071988,79.8600266,"Rain, Partially cloudy",1.577,9.2,84.9,44.1,2022-05-25T05:53:24,2022-05-25T18:21:54,Light Rain,Good
"No. 88 Galle Road, Rathmalana",2023-12-15,09:38,Serious Injury,Motorcycle Collision,Pedestrian Negligence,2,Motorcycle; Three Wheeler,46-55,0,4,High,"No. 88 Galle Road, Rathmalana, Colombo, Sri Lanka","No. 88 Galle Road, Rathmalana, Colombo, Sri Lanka","88a Galle Rd, Dehiwala-Mount Lavinia 10350, Sri Lanka",6.8478503,79.8658834,"Rain, Partially cloudy",1.887,7.6,89.7,71.4,2023-12-15T06:13:54,2023-12-15T17:57:19,Light Rain,Good
Pittugala Junction,2022-07-29,23:41,Serious Injury,Rear-end Collision,Driver Negligence,1,Van,26-35,0,2,High,"Pittugala Junction, Colombo, Sri Lanka","Pittugala Junction, Colombo, Sri Lanka","Pittugala, Malabe, Sri Lanka",6.909119599999999,79.9716093,Partially cloudy,0.004,9.6,87.4,45.5,2022-07-29T06:04:11,2022-07-29T18:30:09,Partially Cloudy,Good
Borella Junction,2024-02-19,09:44,Serious Injury,Multi-vehicle Collision,Driver Fatigue,2,Motorcycle; Three Wheeler,56+,0,4,High,"Borella Junction, Colombo, Sri Lanka","Borella Junction, Colombo, Sri Lanka","18 Dr NM Perera Mawatha Rd, Colombo 00800, Sri Lanka",6.9139525,79.878481,Partially cloudy,0.0,5.4,77.8,24.0,2024-02-19T06:26:50,2024-02-19T18:22:27,Partially Cloudy,Moderate
Technical Junction,2024-01-07,18:56,Minor Injury,Side-impact Collision,Reckless Driving,1,Motorcycle,18-25,0,3,Moderate,"Technical Junction, Colombo, Sri Lanka","Technical Junction, Colombo, Sri Lanka","WVJ6+W69 Technical Junction, Colombo 01000, Sri Lanka",6.9322829,79.86062299999999,"Rain, Partially cloudy",2.255,7.5,86.2,63.6,2024-01-07T06:24:32,2024-01-07T18:08:51,Light Rain,Good
Wattala Junction,2024-06-08,19:52,Minor Injury,Motorcycle Collision,Reckless Driving,2,Motorcycle; Van,18-25,0,1,Low,"Wattala Junction, Colombo, Sri Lanka","Wattala Junction, Colombo, Sri Lanka","Wattala Junction, Negombo - Colombo Main Rd, Wattala 11300, Sri Lanka",6.9780099,79.8891664,"Rain, Partially cloudy",0.943,7.5,78.3,73.5,2024-06-08T05:54:28,2024-06-08T18:25:16,Light Rain,Good
Bambalapitiya Junction,2025-05-01,11:25,Minor Injury,Rear-end Collision,Unsafe Lane Change,2,Three Wheeler; Car,36-45,0,4,Low,"Bambalapitiya Junction, Colombo, Sri Lanka","Bambalapitiya Junction, Colombo, Sri Lanka","Bambalapitiya, Colombo 00500, Sri Lanka",6.8894192,79.8575468,"Rain, Partially cloudy",0.229,7.1,78.4,34.1,2025-05-01T05:56:51,2025-05-01T18:18:53,Light Rain,Good
Baseline Road Rajagiriya,2025-05-23,15:24,Minor Injury,Rear-end Collision,Driver Negligence,4,Three Wheeler; Lorry; Car; Van,36-45,0,2,High,"Baseline Road Rajagiriya, Colombo, Sri Lanka","Baseline Road Rajagiriya, Colombo, Sri Lanka","Baseline Rd, Sri Lanka",6.9345357,79.8783223,"Rain, Partially cloudy",0.022,7.1,76.6,29.4,2025-05-23T05:53:28,2025-05-23T18:21:36,Light Rain,Good
Marine Drive Kollupitiya,2023-11-07,14:30,Minor Injury,Rear-end Collision,Reckless Driving,1,Motorcycle,56+,0,1,Moderate,"Marine Drive Kollupitiya, Colombo, Sri Lanka","Marine Drive Kollupitiya, Colombo, Sri Lanka","Marine Drive, Colombo, Sri Lanka",6.9061405,79.8497258,"Rain, Partially cloudy",2.446,7.8,88.3,59.4,2023-11-07T05:58:52,2023-11-07T17:49:41,Light Rain,Good
Fort Railway Station Area,2023-07-16,08:22,Serious Injury,Single Vehicle Crash,Driver Fatigue,1,Car,46-55,0,3,High,"Fort Railway Station Area, Colombo, Sri Lanka","Fort Railway Station Area, Colombo, Sri Lanka","Fort Railway station, Colombo, Sri Lanka",6.9337011,79.85003019999999,Partially cloudy,0.004,8.2,80.4,63.0,2023-07-16T06:02:14,2023-07-16T18:31:15,Partially Cloudy,Good
Mattakkuliya Junction,2022-05-01,11:52,Serious Injury,Rear-end Collision,Unsafe Lane Change,1,Van,26-35,0,6,Moderate,"Mattakkuliya Junction, Colombo, Sri Lanka","Mattakkuliya Junction, Colombo, Sri Lanka","Mattakkuliya Brg, Colombo, Sri Lanka",6.9805611,79.875318,"Rain, Partially cloudy",0.628,7.7,80.5,32.9,2022-05-01T05:56:53,2022-05-01T18:18:51,Light Rain,Good
Justice Akbar Mawatha Slave Island,2022-10-20,17:21,Minor Injury,Pedestrian Collision,Poor Visibility,1,Motorcycle,26-35,0,1,High,"Justice Akbar Mawatha Slave Island, Colombo, Sri Lanka","Justice Akbar Mawatha Slave Island, Colombo, Sri Lanka","Justice Akbar Mawatha, Colombo, Sri Lanka",6.9238481,79.8503668,"Rain, Partially cloudy",0.051,8.2,80.7,32.5,2022-10-20T05:57:07,2022-10-20T17:53:48,Light Rain,Good
"No. 15 Colvin R. de Silva Mawatha, Colombo 02",2023-12-11,16:31,Serious Injury,Pedestrian Collision,Driver Fatigue,1,Motorcycle,26-35,0,2,Moderate,"No. 15 Colvin R. de Silva Mawatha, Colombo 02, Colombo, Sri Lanka","No. 15 Colvin R. de Silva Mawatha, Colombo 02, Colombo, Sri Lanka","393/15/1/1 Dr Colvin R de Silva Mawatha, Colombo 00700, Sri Lanka",6.9199075,79.8600008,"Rain, Partially cloudy",1.037,7.8,85.8,64.9,2023-12-11T06:11:52,2023-12-11T17:55:35,Light Rain,Good
Slave Island Junction,2024-11-09,14:43,Minor Injury,Pedestrian Collision,Driver Negligence,2,Motorcycle; Van,18-25,0,2,Low,"Slave Island Junction, Colombo, Sri Lanka","Slave Island Junction, Colombo, Sri Lanka","Kompannavidiya Flyover, Colombo, Sri Lanka",6.9266493,79.8483123,Partially cloudy,0.0,6.1,81.9,52.8,2024-11-09T05:59:29,2024-11-09T17:49:29,Partially Cloudy,Good
Darley Road Cinnamon Gardens,2023-06-16,18:53,Minor Injury,Motorcycle Collision,Overspeeding,2,Motorcycle; Bicycle,18-25,0,3,Moderate,"Darley Road Cinnamon Gardens, Colombo, Sri Lanka","Darley Road Cinnamon Gardens, Colombo, Sri Lanka","Darley Rd, Colombo, Sri Lanka",6.9228616,79.8620451,Partially cloudy,0.006,7.9,77.0,57.7,2023-06-16T05:55:40,2023-06-16T18:27:00,Partially Cloudy,Good
"Junction of St. Joseph's Street and Kotahena Street, Colombo 13",2023-09-25,16:05,Serious Injury,Motorcycle Collision,Driver Negligence,3,Motorcycle; Three Wheeler; Bus,18-25,0,6,Moderate,"Junction of St. Joseph's Street and Kotahena Street, Colombo 13, Colombo, Sri Lanka","Junction of St. Joseph's Street and Kotahena Street, Colombo 13, Colombo, Sri Lanka","Kotahena St, Colombo 01300, Sri Lanka",6.9494699,79.8626776,"Rain, Partially cloudy",0.21,8.0,81.6,62.3,2023-09-25T05:59:32,2023-09-25T18:05:30,Light Rain,Good
High Level Road Kirulapone,2023-12-26,21:47,Minor Injury,Motorcycle Collision,Driver Negligence,2,Motorcycle; Bicycle,26-35,0,3,High,"High Level Road Kirulapone, Colombo, Sri Lanka","High Level Road Kirulapone, Colombo, Sri Lanka","High Level Rd, Colombo, Sri Lanka",6.8775584,79.8793098,Partially cloudy,0.0,6.2,75.4,47.3,2023-12-26T06:19:23,2023-12-26T18:02:40,Partially Cloudy,Good
Modara Junction,2022-09-06,09:14,Fatal,Rear-end Collision,Reckless Driving,1,Three Wheeler,18-25,1,3,High,"Modara Junction, Colombo, Sri Lanka","Modara Junction, Colombo, Sri Lanka","Modara, Colombo, Sri Lanka",6.9669247,79.8711533,"Rain, Partially cloudy",0.16,7.7,83.9,34.0,2022-09-06T06:02:36,2022-09-06T18:15:37,Light Rain,Good
Liberty Plaza Area,2025-02-13,19:52,Minor Injury,Side-impact Collision,Failure to Yield,2,Three Wheeler; Lorry,26-35,0,1,Moderate,"Liberty Plaza Area, Colombo, Sri Lanka","Liberty Plaza Area, Colombo, Sri Lanka","300 Srimath Anagarika Dharmapala Mawatha, Colombo 00300, Sri Lanka",6.9118996,79.85130869999999,Clear,0.0,7.2,68.5,16.1,2025-02-13T06:28:04,2025-02-13T18:21:52,Clear,Good
Bauddhaloka Mawatha Havelock Town,2023-06-08,23:51,Minor Injury,Pedestrian Collision,Driver Negligence,1,Motorcycle,26-35,0,2,Low,"Bauddhaloka Mawatha Havelock Town, Colombo, Sri Lanka","Bauddhaloka Mawatha Havelock Town, Colombo, Sri Lanka","Bauddhaloka Mawatha, Colombo, Sri Lanka",6.897011,79.8598172,"Rain, Partially cloudy",0.415,8.5,82.3,63.5,2023-06-08T05:54:21,2023-06-08T18:25:04,Light Rain,Good
Pettah Clock Tower Area,2024-11-05,07:07,Minor Injury,Rear-end Collision,Distracted Driving,2,Motorcycle; Car,36-45,0,4,High,"Pettah Clock Tower Area, Colombo, Sri Lanka","Pettah Clock Tower Area, Colombo, Sri Lanka","Pettah, Colombo, Sri Lanka",6.9367858,79.8525385,"Rain, Partially cloudy",0.067,5.9,89.5,55.5,2024-11-05T05:58:38,2024-11-05T17:49:50,Light Rain,Moderate
Marine Drive Kollupitiya,2024-02-22,06:47,Fatal,Motorcycle Collision,Reckless Driving,2,Motorcycle; Car,26-35,1,5,High,"Marine Drive Kollupitiya, Colombo, Sri Lanka","Marine Drive Kollupitiya, Colombo, Sri Lanka","Marine Drive, Colombo, Sri Lanka",6.9061405,79.8497258,Partially cloudy,0.004,6.2,77.0,38.1,2024-02-22T06:25:59,2024-02-22T18:22:40,Partially Cloudy,Good
Pettah Clock Tower Area,2023-05-27,21:13,Minor Injury,Rear-end Collision,Driver Negligence,1,Motorcycle,56+,0,3,Low,"Pettah Clock Tower Area, Colombo, Sri Lanka","Pettah Clock Tower Area, Colombo, Sri Lanka","Pettah, Colombo, Sri Lanka",6.9367858,79.8525385,"Rain, Partially cloudy",0.242,8.6,80.2,59.1,2023-05-27T05:53:25,2023-05-27T18:22:17,Light Rain,Good
Kotahena Junction,2022-10-14,20:45,Serious Injury,Multi-vehicle Collision,Driver Negligence,4,Bicycle; Lorry; Motorcycle; Car,46-55,0,4,Moderate,"Kotahena Junction, Colombo, Sri Lanka","Kotahena Junction, Colombo, Sri Lanka","Kotahena St, Colombo 01300, Sri Lanka",6.9494699,79.8626776,"Rain, Partially cloudy",4.582,6.6,94.8,48.4,2022-10-14T05:57:18,2022-10-14T17:56:06,Light Rain,Good
Viharamahadevi Park Entrance,2025-04-17,23:38,Minor Injury,Multi-vehicle Collision,Poor Visibility,4,Motorcycle; Bus; Car; Three Wheeler,18-25,0,4,High,"Viharamahadevi Park Entrance, Colombo, Sri Lanka","Viharamahadevi Park Entrance, Colombo, Sri Lanka","Viharamahadevi Park, Colombo 00700, Sri Lanka",6.9142322,79.8625967,Partially cloudy,0.0,6.4,74.7,24.2,2025-04-17T06:01:43,2025-04-17T18:18:56,Partially Cloudy,Good