Location,Date of Accident,Time of Accident,Accident Severity,Collision Type,Cause of Accident,Number of Vehicles,Vehicle Types,Driver Age Group,Number of Fatalities,Number of Injuries,Property Damage Level,location_standardized,location_name,formatted_address,latitude,longitude,conditions,precip,visibility,humidity,cloudcover,sunrise,sunset,weather_condition_label,visibility_level
High Level Road Kirulapone,2025-11-15,06:55,Serious Injury,Rear-end Collision,Unsafe Lane Change,3,Bicycle; Motorcycle; Three Wheeler,36-45,0,6,High,"High Level Road Kirulapone, Colombo, Sri Lanka","High Level Road Kirulapone, Colombo, Sri Lanka","High Level Rd, Colombo, Sri Lanka",6.8775584,79.8793098,"Rain, Partially cloudy",0.024,5.9,75.4,20.8,2025-11-15T06:01:03,2025-11-15T17:49:28,Light Rain,Moderate
Borella Police Area,2024-06-25,10:21,Minor Injury,Rear-end Collision,Driver Negligence,1,Motorcycle,26-35,0,3,Low,"Borella Police Area, Colombo, Sri Lanka","Borella Police Area, Colombo, Sri Lanka","Colombo 08, Colombo, Sri Lanka",6.9147836,79.8775951,"Rain, Partially cloudy",1.76,6.7,85.8,83.3,2024-06-25T05:57:46,2024-06-25T18:29:08,Light Rain,Good
Pagoda Road Nugegoda,2024-10-12,12:16,Serious Injury,Rear-end Collision,Failure to Yield,2,Car; Three Wheeler,18-25,0,4,High,"Pagoda Road Nugegoda, Colombo, Sri Lanka","Pagoda Road Nugegoda, Colombo, Sri Lanka","Pagoda Rd, Sri Lanka",6.8805035,79.895529,"Rain, Partially cloudy",0.118,5.7,87.6,76.6,2024-10-12T05:57:24,2024-10-12T17:56:45,Light Rain,Moderate
Sir Chittampalam A Gardiner Mawatha Fort,2023-06-24,09:47,Serious Injury,Motorcycle Collision,Driver Negligence,3,Motorcycle; Bicycle; Car,26-35,0,6,High,"Sir Chittampalam A Gardiner Mawatha Fort, Colombo, Sri Lanka","Sir Chittampalam A Gardiner Mawatha Fort, Colombo, Sri Lanka","Sir Chittampalam A Gardiner Mawath, Colombo, Sri Lanka",6.9298377,79.8477933,Partially cloudy,0.008,8.1,80.5,59.1,2023-06-24T05:57:21,2023-06-24T18:28:46,Partially Cloudy,Good
Sir Chittampalam A Gardiner Mawatha Fort,2025-01-27,19:29,Serious Injury,Multi-vehicle Collision,Driver Negligence,3,Bicycle; Car; Motorcycle,46-55,0,3,Moderate,"Sir Chittampalam A Gardiner Mawatha Fort, Colombo, Sri Lanka","Sir Chittampalam A Gardiner Mawatha Fort, Colombo, Sri Lanka","Sir Chittampalam A Gardiner Mawath, Colombo, Sri Lanka",6.9298377,79.8477933,Partially cloudy,0.0,6.1,63.9,28.7,2025-01-27T06:29:13,2025-01-27T18:17:49,Partially Cloudy,Good
D R Wijewardena Mawatha Dematagoda,2025-10-14,21:39,Minor Injury,Pedestrian Collision,Poor Visibility,1,Motorcycle,36-45,0,2,Low,"D R Wijewardena Mawatha Dematagoda, Colombo, Sri Lanka","D R Wijewardena Mawatha Dematagoda, Colombo, Sri Lanka","McCallum Rd, Colombo, Sri Lanka",6.9315143,79.8545206,"Rain, Partially cloudy",0.422,7.2,80.1,27.9,2025-10-14T05:57:19,2025-10-14T17:56:02,Light Rain,Good
"Junction of Rosmead Place and Maitland Crescent, Colombo 07",2025-02-18,21:16,Minor Injury,Rear-end Collision,Distracted Driving,1,Car,46-55,0,1,Low,"Junction of Rosmead Place and Maitland Crescent, Colombo 07, Colombo, Sri Lanka","Junction of Rosmead Place and Maitland Crescent, Colombo 07, Colombo, Sri Lanka","Maitland Cres, Colombo 00700, Sri Lanka",6.9097085,79.8662576,Clear,0.0,5.5,69.4,15.4,2025-02-18T06:26:55,2025-02-18T18:22:26,Clear,Moderate
Kollupitiya Junction,2024-09-26,12:20,Minor Injury,Motorcycle Collision,Unsafe Lane Change,4,Motorcycle; Three Wheeler; Van; Bicycle,26-35,0,2,High,"Kollupitiya Junction, Colombo, Sri Lanka","Kollupitiya Junction, Colombo, Sri Lanka","Kollupitiya - Sri Jayewardenepura Rd, Colombo, Sri Lanka",6.9117245,79.8614617,Partially cloudy,0.0,6.0,78.8,49.5,2024-09-26T05:59:17,2024-09-26T18:04:35,Partially Cloudy,Moderate
Olcott Mawatha Pettah,2022-01-04,16:59,Minor Injury,Pedestrian Collision,Distracted Driving,1,Motorcycle,26-35,0,1,Low,"Olcott Mawatha Pettah, Colombo, Sri Lanka","Olcott Mawatha Pettah, Colombo, Sri Lanka","Olcott Mawatha, Colombo, Sri Lanka",6.9344449,79.8544929,Clear,0.0,7.8,80.9,15.2,2022-01-04T06:23:33,2022-01-04T18:07:33,Clear,Good
Viharamahadevi Park Entrance,2022-01-24,18:04,Serious Injury,Rear-end Collision,Reckless Driving,2,Car; Three Wheeler,56+,0,5,High,"Viharamahadevi Park Entrance, Colombo, Sri Lanka","Viharamahadevi Park Entrance, Colombo, Sri Lanka","Viharamahadevi Park, Colombo 00700, Sri Lanka",6.9142322,79.8625967,Clear,0.0,6.4,83.4,16.4,2022-01-24T06:28:53,2022-01-24T18:16:38,Clear,Good
Pettah Clock Tower Area,2024-04-04,09:34,Serious Injury,Motorcycle Collision,Driver Fatigue,2,Motorcycle; Lorry,36-45,0,5,High,"Pettah Clock Tower Area, Colombo, Sri Lanka","Pettah Clock Tower Area, Colombo, Sri Lanka","Pettah, Colombo, Sri Lanka",6.9367858,79.8525385,Partially cloudy,0.0,6.1,80.9,50.0,2024-04-04T06:07:24,2024-04-04T18:19:54,Partially Cloudy,Good
Union Place Borella,2024-10-26,10:56,Serious Injury,Head-on Collision,Driver Negligence,3,Car; Motorcycle; Lorry,26-35,0,3,Moderate,"Union Place Borella, Colombo, Sri Lanka","Union Place Borella, Colombo, Sri Lanka","Colombo 08, Colombo, Sri Lanka",6.9147836,79.8775951,Partially cloudy,0.0,5.7,87.6,68.2,2024-10-26T05:57:22,2024-10-26T17:51:47,Partially Cloudy,Moderate
Panchikawatte,2025-03-05,19:45,Minor Injury,Side-impact Collision,Failure to Yield,2,Bicycle; Lorry,26-35,0,4,Low,"Panchikawatte, Colombo, Sri Lanka","Panchikawatte, Colombo, Sri Lanka","Panchikawatta, Colombo 01000, Sri Lanka",6.9309682,79.8639835,Clear,0.0,6.6,73.0,13.4,2025-03-05T06:21:44,2025-03-05T18:22:43,Clear,Good
Fort Railway Station Area,2025-11-30,09:09,Minor Injury,Pedestrian Collision,Driver Fatigue,2,Van; Three Wheeler,26-35,0,2,Low,"Fort Railway Station Area, Colombo, Sri Lanka","Fort Railway Station Area, Colombo, Sri Lanka","Fort Railway station, Colombo, Sri Lanka",6.9337011,79.85003019999999,Clear,0.0,5.9,84.4,20.0,2025-11-30T06:06:49,2025-11-30T17:51:56,Clear,Moderate
Slave Island Junction,2024-11-01,20:23,Minor Injury,Pedestrian Collision,Driver Negligence,2,Three Wheeler; Bicycle,36-45,0,1,High,"Slave Island Junction, Colombo, Sri Lanka","Slave Island Junction, Colombo, Sri Lanka","Kompannavidiya Flyover, Colombo, Sri Lanka",6.9266493,79.8483123,Partially cloudy,0.008,6.9,86.5,55.6,2024-11-01T05:57:59,2024-11-01T17:50:26,Partially Cloudy,Good
Kotahena Junction,2025-10-27,11:52,Minor Injury,Multi-vehicle Collision,Overspeeding,3,Car; Three Wheeler; Motorcycle,26-35,0,4,Low,"Kotahena Junction, Colombo, Sri Lanka","Kotahena Junction, Colombo, Sri Lanka","Kotahena St, Colombo 01300, Sri Lanka",6.9494699,79.8626776,Partially cloudy,0.032,7.1,78.8,26.0,2025-10-27T05:57:26,2025-10-27T17:51:36,Partially Cloudy,Good
Bauddhaloka Mawatha Cinnamon Gardens,2022-12-26,21:06,Minor Injury,Side-impact Collision,Unsafe Lane Change,1,Three Wheeler,36-45,0,2,Moderate,"Bauddhaloka Mawatha Cinnamon Gardens, Colombo, Sri Lanka","Bauddhaloka Mawatha Cinnamon Gardens, Colombo, Sri Lanka","Bauddhaloka Mawatha, Colombo 00700, Sri Lanka",6.901932,79.8694402,"Rain, Partially cloudy",0.269,7.7,85.9,29.9,2022-12-26T06:19:30,2022-12-26T18:02:47,Light Rain,Good
Mutwal Road Mutwal,2024-07-17,15:15,Serious Injury,Side-impact Collision,Failure to Yield,4,Motorcycle; Bus; Car; Bicycle,46-55,0,5,High,"Mutwal Road Mutwal, Colombo, Sri Lanka","Mutwal Road Mutwal, Colombo, Sri Lanka","Muthuwella Mawatha, Colombo, Sri Lanka",6.9640994,79.8649458,"Rain, Partially cloudy",0.011,7.0,82.0,54.8,2024-07-17T06:02:34,2024-07-17T18:31:14,Light Rain,Good
Armour Street Junction,2023-10-16,09:06,Fatal,Multi-vehicle Collision,Overspeeding,4,Bus; Motorcycle; Car; Three Wheeler,36-45,1,5,High,"Armour Street Junction, Colombo, Sri Lanka","Armour Street Junction, Colombo, Sri Lanka","Armour St, Colombo, Sri Lanka",6.9424222,79.8637618,Partially cloudy,0.0,8.1,79.8,39.8,2023-10-16T05:57:13,2023-10-16T17:55:24,Partially Cloudy,Good
Union Place Borella,2024-05-22,09:27,Minor Injury,Rear-end Collision,Reckless Driving,2,Motorcycle; Bicycle,18-25,0,2,Moderate,"Union Place Borella, Colombo, Sri Lanka","Union Place Borella, Colombo, Sri Lanka","Colombo 08, Colombo, Sri Lanka",6.9147836,79.8775951,"Rain, Partially cloudy",0.036,6.2,85.2,65.8,2024-05-22T05:53:28,2024-05-22T18:21:26,Light Rain,Good
Pamankada Junction,2023-04-10,08:32,Fatal,Motorcycle Collision,Unsafe Lane Change,3,Motorcycle; Bus; Bicycle,36-45,1,4,High,"Pamankada Junction, Colombo, Sri Lanka","Pamankada Junction, Colombo, Sri Lanka","Pamankada Ln, Colombo, Sri Lanka",6.8756803,79.8676529,"Rain, Partially cloudy",0.307,8.7,80.2,40.9,2023-04-10T06:04:56,2023-04-10T18:19:25,Light Rain,Good
Armour Street Pettah,2023-03-10,07:03,Fatal,Head-on Collision,Poor Visibility,2,Three Wheeler; Car,18-25,1,5,High,"Armour Street Pettah, Colombo, Sri Lanka","Armour Street Pettah, Colombo, Sri Lanka","Armour St, Colombo, Sri Lanka",6.9424222,79.8637618,"Rain, Partially cloudy",0.067,7.3,80.6,71.1,2023-03-10T06:19:47,2023-03-10T18:22:27,Light Rain,Good
Union Place Borella,2024-11-20,04:03,Minor Injury,Pedestrian Collision,Distracted Driving,1,Lorry,18-25,0,2,High,"Union Place Borella, Colombo, Sri Lanka","Union Place Borella, Colombo, Sri Lanka","Colombo 08, Colombo, Sri Lanka",6.9147836,79.8775951,"Rain, Overcast",2.382,12.5,86.7,91.8,2024-11-20T06:02:48,2024-11-20T17:49:54,Light Rain,Good
Maya Avenue Junction,2025-05-26,11:04,Fatal,Multi-vehicle Collision,Reckless Driving,3,Motorcycle; Three Wheeler; Bicycle,18-25,1,5,Moderate,"Maya Avenue Junction, Colombo, Sri Lanka","Maya Avenue Junction, Colombo, Sri Lanka","Maya Ave, Colombo 00500, Sri Lanka",6.8798254,79.870857,"Rain, Partially cloudy",0.023,6.8,82.3,40.5,2025-05-26T05:53:26,2025-05-26T18:22:12,Light Rain,Good
Pettah Market Area,2024-08-06,17:34,Serious Injury,Rear-end Collision,Reckless Driving,2,Lorry; Motorcycle,26-35,0,6,High,"Pettah Market Area, Colombo, Sri Lanka","Pettah Market Area, Colombo, Sri Lanka","WVP3+VMM, Keyzer St, Colombo 01100, Sri Lanka",6.937201699999999,79.854187,Partially cloudy,0.001,7.1,78.0,62.5,2024-08-06T06:04:48,2024-08-06T18:28:19,Partially Cloudy,Good
Sir Chittampalam A Gardiner Mawatha Fort,2023-01-03,03:00,Fatal,Pedestrian Collision,Reckless Driving,1,Motorcycle,18-25,1,4,Moderate,"Sir Chittampalam A Gardiner Mawatha Fort, Colombo, Sri Lanka","Sir Chittampalam A Gardiner Mawatha Fort, Colombo, Sri Lanka","Sir Chittampalam A Gardiner Mawath, Colombo, Sri Lanka",6.9298377,79.8477933,Partially cloudy,0.0,8.1,67.1,27.4,2023-01-03T06:23:04,2023-01-03T18:06:55,Partially Cloudy,Good
Union Place Borella,2024-08-27,14:40,Fatal,Multi-vehicle Collision,Overspeeding,3,Three Wheeler; Motorcycle; Car,26-35,2,4,High,"Union Place Borella, Colombo, Sri Lanka","Union Place Borella, Colombo, Sri Lanka","Colombo 08, Colombo, Sri Lanka",6.9147836,79.8775951,Partially cloudy,0.0,7.3,69.7,41.6,2024-08-27T06:03:53,2024-08-27T18:20:23,Partially Cloudy,Good
D R Wijewardena Mawatha Fort,2024-09-27,07:36,Fatal,Rear-end Collision,Reckless Driving,4,Three Wheeler; Car; Van; Motorcycle,26-35,1,8,High,"D R Wijewardena Mawatha Fort, Colombo, Sri Lanka","D R Wijewardena Mawatha Fort, Colombo, Sri Lanka","McCallum Rd, Colombo, Sri Lanka",6.9324236,79.8505139,Partially cloudy,0.0,6.2,79.8,62.7,2024-09-27T05:59:07,2024-09-27T18:04:03,Partially Cloudy,Good
Angulana Junction,2023-09-06,15:09,Serious Injury,Rear-end Collision,Reckless Driving,2,Car; Motorcycle,18-25,0,6,High,"Angulana Junction, Colombo, Sri Lanka","Angulana Junction, Colombo, Sri Lanka","Galle Rd, Dehiwala-Mount Lavinia, Sri Lanka",6.804609699999999,79.8866977,"Rain, Partially cloudy",1.677,7.7,88.0,79.0,2023-09-06T06:02:39,2023-09-06T18:15:45,Light Rain,Good
Peliyagoda Junction,2024-05-05,15:13,Serious Injury,Pedestrian Collision,Overspeeding,2,Car; Three Wheeler,26-35,0,5,High,"Peliyagoda Junction, Colombo, Sri Lanka","Peliyagoda Junction, Colombo, Sri Lanka","Colombo, Sri Lanka",6.9270786,79.861243,Partially cloudy,0.0,6.1,82.0,46.7,2024-05-05T05:55:45,2024-05-05T18:19:08,Partially Cloudy,Good
Justice Akbar Mawatha Slave Island,2025-06-05,07:47,Serious Injury,Single Vehicle Crash,Driver Negligence,1,Bicycle,56+,0,5,High,"Justice Akbar Mawatha Slave Island, Colombo, Sri Lanka","Justice Akbar Mawatha Slave Island, Colombo, Sri Lanka","Justice Akbar Mawatha, Colombo, Sri Lanka",6.9238481,79.8503668,Partially cloudy,0.008,7.3,74.7,26.8,2025-06-05T05:54:04,2025-06-05T18:24:29,Partially Cloudy,Good
Kollupitiya Flyover Approach,2022-11-20,03:57,Minor Injury,Single Vehicle Crash,Pedestrian Negligence,1,Motorcycle,36-45,0,3,Low,"Kollupitiya Flyover Approach, Colombo, Sri Lanka","Kollupitiya Flyover Approach, Colombo, Sri Lanka","Kollupitiya, Colombo, Sri Lanka",6.912815399999999,79.8506815,Partially cloudy,0.0,6.9,80.3,20.4,2022-11-20T06:02:36,2022-11-20T17:49:49,Partially Cloudy,Good
Colombo Fort Bus Stand Area,2022-02-24,16:19,Minor Injury,Rear-end Collision,Overspeeding,2,Motorcycle; Three Wheeler,18-25,0,2,Low,"Colombo Fort Bus Stand Area, Colombo, Sri Lanka","Colombo Fort Bus Stand Area, Colombo, Sri Lanka","WVM4+6G8 Bastian Mawatha Bus Station, Olcott Mawatha, Colombo, Sri Lanka",6.932847,79.856589,"Rain, Partially cloudy",0.01,7.2,72.6,27.6,2022-02-24T06:25:11,2022-02-24T18:22:45,Light Rain,Good
Sea Street Pettah,2024-11-15,21:00,Minor Injury,Motorcycle Collision,Reckless Driving,1,Motorcycle,26-35,0,3,Low,"Sea Street Pettah, Colombo, Sri Lanka","Sea Street Pettah, Colombo, Sri Lanka","Sea St, Colombo 01300, Sri Lanka",6.9418464,79.8542501,Partially cloudy,0.0,5.5,89.0,60.8,2024-11-15T06:01:07,2024-11-15T17:49:28,Partially Cloudy,Moderate
Messenger Street Pettah,2024-01-22,09:03,Minor Injury,Side-impact Collision,Distracted Driving,1,Bicycle,56+,0,3,Low,"Messenger Street Pettah, Colombo, Sri Lanka","Messenger Street Pettah, Colombo, Sri Lanka","M. J. M. Lafeer Mawatha, Colombo, Sri Lanka",6.9411356,79.8629811,Partially cloudy,0.0,7.2,72.2,35.4,2024-01-22T06:28:33,2024-01-22T18:15:42,Partially Cloudy,Good
Bauddhaloka Mawatha Cinnamon Gardens,2024-05-15,21:53,Minor Injury,Multi-vehicle Collision,Distracted Driving,2,Car; Motorcycle,46-55,0,1,Moderate,"Bauddhaloka Mawatha Cinnamon Gardens, Colombo, Sri Lanka","Bauddhaloka Mawatha Cinnamon Gardens, Colombo, Sri Lanka","Bauddhaloka Mawatha, Colombo 00700, Sri Lanka",6.901932,79.8694402,"Rain, Partially cloudy",0.039,6.4,83.8,47.9,2024-05-15T05:53:59,2024-05-15T18:20:15,Light Rain,Good
Pettah Clock Tower Area,2024-10-08,04:16,Minor Injury,Multi-vehicle Collision,Failure to Yield,4,Three Wheeler; Motorcycle; Lorry; Bicycle,36-45,0,1,High,"Pettah Clock Tower Area, Colombo, Sri Lanka","Pettah Clock Tower Area, Colombo, Sri Lanka","Pettah, Colombo, Sri Lanka",6.9367858,79.8525385,Partially cloudy,0.0,6.0,83.3,82.7,2024-10-08T05:57:44,2024-10-08T17:58:33,Partially Cloudy,Moderate
Borella Junction,2025-05-15,10:53,Minor Injury,Motorcycle Collision,Driver Negligence,2,Motorcycle; Car,26-35,0,2,Low,"Borella Junction, Colombo, Sri Lanka","Borella Junction, Colombo, Sri Lanka","18 Dr NM Perera Mawatha Rd, Colombo 00800, Sri Lanka",6.9139525,79.878481,"Rain, Partially cloudy",0.013,7.1,81.7,48.3,2025-05-15T05:54:02,2025-05-15T18:20:14,Light Rain,Good
Chatham Street Fort,2025-05-27,18:44,Minor Injury,Multi-vehicle Collision,Driver Negligence,3,Lorry; Three Wheeler; Car,36-45,0,2,High,"Chatham Street Fort, Colombo, Sri Lanka","Chatham Street Fort, Colombo, Sri Lanka","Chatham St, Colombo, Sri Lanka",6.9345031,79.8437927,Partially cloudy,0.005,6.4,80.9,34.1,2025-05-27T05:53:27,2025-05-27T18:22:25,Partially Cloudy,Good
Narahenpita Junction,2023-12-23,07:47,Minor Injury,Multi-vehicle Collision,Unsafe Lane Change,4,Van; Car; Three Wheeler; Bus,18-25,0,2,High,"Narahenpita Junction, Colombo, Sri Lanka","Narahenpita Junction, Colombo, Sri Lanka","Narahenpita, Colombo 00500, Sri Lanka",6.8899209,79.8826281,Partially cloudy,0.0,8.0,72.6,57.0,2023-12-23T06:17:56,2023-12-23T18:01:09,Partially Cloudy,Good
Mutwal Road Mutwal,2023-05-27,18:34,Minor Injury,Side-impact Collision,Driver Negligence,2,Three Wheeler; Bicycle,36-45,0,2,Moderate,"Mutwal Road Mutwal, Colombo, Sri Lanka","Mutwal Road Mutwal, Colombo, Sri Lanka","Muthuwella Mawatha, Colombo, Sri Lanka",6.9640994,79.8649458,"Rain, Partially cloudy",0.242,8.6,80.2,59.1,2023-05-27T05:53:25,2023-05-27T18:22:17,Light Rain,Good
Pettah Clock Tower Area,2023-11-15,20:54,Serious Injury,Motorcycle Collision,Driver Negligence,2,Motorcycle; Bicycle,26-35,0,3,Moderate,"Pettah Clock Tower Area, Colombo, Sri Lanka","Pettah Clock Tower Area, Colombo, Sri Lanka","Pettah, Colombo, Sri Lanka",6.9367858,79.8525385,"Rain, Partially cloudy",0.276,7.2,89.0,59.7,2023-11-15T06:00:52,2023-11-15T17:49:26,Light Rain,Good
Modara Junction,2024-12-02,12:01,Minor Injury,Multi-vehicle Collision,Driver Fatigue,2,Van; Motorcycle,56+,0,1,Low,"Modara Junction, Colombo, Sri Lanka","Modara Junction, Colombo, Sri Lanka","Modara, Colombo, Sri Lanka",6.9669247,79.8711533,Partially cloudy,0.0,7.3,73.9,48.0,2024-12-02T06:07:51,2024-12-02T17:52:35,Partially Cloudy,Good
Bambalapitiya Junction,2023-06-27,08:47,Minor Injury,Rear-end Collision,Unsafe Lane Change,2,Lorry; Car,18-25,0,2,Moderate,"Bambalapitiya Junction, Colombo, Sri Lanka","Bambalapitiya Junction, Colombo, Sri Lanka","Bambalapitiya, Colombo 00500, Sri Lanka",6.8894192,79.8575468,"Rain, Partially cloudy",0.979,8.1,85.7,51.9,2023-06-27T05:58:02,2023-06-27T18:29:21,Light Rain,Good
Maradana Junction,2023-09-19,09:33,Minor Injury,Motorcycle Collision,Mechanical Failure,2,Motorcycle; Three Wheeler,18-25,0,3,Moderate,"Maradana Junction, Colombo, Sri Lanka","Maradana Junction, Colombo, Sri Lanka","Maradana Junction, Colombo 01000, Sri Lanka",6.928874,79.8637428,"Rain, Partially cloudy",1.658,6.2,89.9,71.5,2023-09-19T06:00:32,2023-09-19T18:08:45,Light Rain,Good
Darley Road Cinnamon Gardens,2023-07-23,15:30,Serious Injury,Rear-end Collision,Distracted Driving,4,Motorcycle; Car; Bicycle; Three Wheeler,36-45,0,6,Moderate,"Darley Road Cinnamon Gardens, Colombo, Sri Lanka","Darley Road Cinnamon Gardens, Colombo, Sri Lanka","Darley Rd, Colombo, Sri Lanka",6.9228616,79.8620451,"Rain, Partially cloudy",0.019,8.1,80.0,51.0,2023-07-23T06:03:25,2023-07-23T18:30:57,Light Rain,Good
Baseline Road Borella,2022-02-16,17:42,Minor Injury,Motorcycle Collision,Driver Negligence,2,Motorcycle; Three Wheeler,18-25,0,1,Moderate,"Baseline Road Borella, Colombo, Sri Lanka","Baseline Road Borella, Colombo, Sri Lanka","Baseline Rd, Colombo, Sri Lanka",6.919902,79.8776917,Clear,0.0,7.4,68.8,6.6,2022-02-16T06:27:27,2022-02-16T18:22:11,Clear,Good
Fort Railway Station Area,2023-12-01,07:08,Fatal,Multi-vehicle Collision,Reckless Driving,3,Bicycle; Motorcycle; Bus,26-35,1,6,High,"Fort Railway Station Area, Colombo, Sri Lanka","Fort Railway Station Area, Colombo, Sri Lanka","Fort Railway station, Colombo, Sri Lanka",6.9337011,79.85003019999999,"Rain, Partially cloudy",0.156,8.2,89.5,60.1,2023-12-01T06:07:01,2023-12-01T17:52:03,Light Rain,Good
Marine Drive Kollupitiya,2023-07-06,22:59,Minor Injury,Single Vehicle Crash,Driver Negligence,1,Motorcycle,18-25,0,1,Low,"Marine Drive Kollupitiya, Colombo, Sri Lanka","Marine Drive Kollupitiya, Colombo, Sri Lanka","Marine Drive, Colombo, Sri Lanka",6.9061405,79.8497258,"Rain, Partially cloudy",0.221,8.4,85.2,65.2,2023-07-06T06:00:07,2023-07-06T18:30:41,Light Rain,Good
Bambalapitiya Junction,2022-04-27,20:04,Minor Injury,Side-impact Collision,Poor Visibility,2,Bicycle; Car,26-35,0,2,Moderate,"Bambalapitiya Junction, Colombo, Sri Lanka","Bambalapitiya Junction, Colombo, Sri Lanka","Bambalapitiya, Colombo 00500, Sri Lanka",6.8894192,79.8575468,"Rain, Partially cloudy",2.517,8.3,83.3,30.8,2022-04-27T05:58:06,2022-04-27T18:18:44,Light Rain,Good
"Junction of Nawala Road and Parliament Road, Rajagiriya",2023-02-12,17:18,Minor Injury,Rear-end Collision,Distracted Driving,2,Motorcycle; Van,26-35,0,4,Low,"Junction of Nawala Road and Parliament Road, Rajagiriya, Colombo, Sri Lanka","Junction of Nawala Road and Parliament Road, Rajagiriya, Colombo, Sri Lanka","New Parliament Rd, Battaramulla, Sri Lanka",6.8909701,79.9253454,Partially cloudy,0.0,7.7,76.8,35.5,2023-02-12T06:28:19,2023-02-12T18:21:37,Partially Cloudy,Good
Bauddhaloka Mawatha Cinnamon Gardens,2025-06-26,08:12,Minor Injury,Side-impact Collision,Reckless Driving,2,Lorry; Three Wheeler,26-35,0,3,Moderate,"Bauddhaloka Mawatha Cinnamon Gardens, Colombo, Sri Lanka","Bauddhaloka Mawatha Cinnamon Gardens, Colombo, Sri Lanka","Bauddhaloka Mawatha, Colombo 00700, Sri Lanka",6.901932,79.8694402,"Rain, Partially cloudy",0.055,6.6,77.8,37.1,2025-06-26T05:57:57,2025-06-26T18:29:17,Light Rain,Good
Wellawatte Junction,2022-11-13,08:09,Minor Injury,Rear-end Collision,Overspeeding,1,Car,18-25,0,2,Low,"Wellawatte Junction, Colombo, Sri Lanka","Wellawatte Junction, Colombo, Sri Lanka","Wellawatte, Colombo 00600, Sri Lanka",6.874092099999999,79.8604934,"Rain, Partially cloudy",0.303,7.8,87.3,37.9,2022-11-13T06:00:21,2022-11-13T17:49:23,Light Rain,Good
Bambalapitiya Junction,2024-11-09,13:22,Minor Injury,Multi-vehicle Collision,Driver Negligence,2,Motorcycle; Car,26-35,0,4,Low,"Bambalapitiya Junction, Colombo, Sri Lanka","Bambalapitiya Junction, Colombo, Sri Lanka","Bambalapitiya, Colombo 00500, Sri Lanka",6.8894192,79.8575468,Partially cloudy,0.0,6.1,81.9,52.8,2024-11-09T05:59:29,2024-11-09T17:49:29,Partially Cloudy,Good
"Junction of High Level Road and Wijerama Mawatha, Nugegoda",2025-04-14,07:56,Minor Injury,Motorcycle Collision,Mechanical Failure,4,Motorcycle; Car; Lorry; Three Wheeler,26-35,0,3,Low,"Junction of High Level Road and Wijerama Mawatha, Nugegoda, Colombo, Sri Lanka","Junction of High Level Road and Wijerama Mawatha, Nugegoda, Colombo, Sri Lanka","High Level Rd & Wijerama Mawatha, Nugegoda, Sri Lanka",6.857702,79.9085652,"Rain, Partially cloudy",0.024,6.2,77.7,42.6,2025-04-14T06:02:58,2025-04-14T18:19:06,Light Rain,Good
Borella Junction,2025-11-18,18:18,Minor Injury,Multi-vehicle Collision,Driver Negligence,4,Van; Motorcycle; Three Wheeler; Bicycle,36-45,0,3,Moderate,"Borella Junction, Colombo, Sri Lanka","Borella Junction, Colombo, Sri Lanka","18 Dr NM Perera Mawatha Rd, Colombo 00800, Sri Lanka",6.9139525,79.878481,"Rain, Partially cloudy",1.024,6.6,85.4,32.1,2025-11-18T06:02:01,2025-11-18T17:49:40,Light Rain,Good
Bambalapitiya Junction,2023-08-23,10:39,Minor Injury,Side-impact Collision,Overspeeding,2,Bicycle; Lorry,26-35,0,2,Moderate,"Bambalapitiya Junction, Colombo, Sri Lanka","Bambalapitiya Junction, Colombo, Sri Lanka","Bambalapitiya, Colombo 00500, Sri Lanka",6.8894192,79.8575468,"Rain, Partially cloudy",0.386,8.2,80.2,46.6,2023-08-23T06:04:21,2023-08-23T18:22:31,Light Rain,Good
Kotahena Junction,2022-07-31,09:40,Minor Injury,Rear-end Collision,Driver Negligence,2,Motorcycle; Three Wheeler,46-55,0,1,Low,"Kotahena Junction, Colombo, Sri Lanka","Kotahena Junction, Colombo, Sri Lanka","Kotahena St, Colombo 01300, Sri Lanka",6.9494699,79.8626776,"Rain, Partially cloudy",0.1,8.2,84.4,32.6,2022-07-31T06:04:23,2022-07-31T18:29:48,Light Rain,Good