Location,Date of Accident,Time of Accident,Accident Severity,Collision Type,Cause of Accident,Number of Vehicles,Vehicle Types,Driver Age Group,Number of Fatalities,Number of Injuries,Property Damage Level,location_standardized,location_name,formatted_address,latitude,longitude,conditions,precip,visibility,humidity,cloudcover,sunrise,sunset,weather_condition_label,visibility_level
"No. 17 Temple Road, Mount Lavinia",2022-02-20,08:23,Minor Injury,Multi-vehicle Collision,Reckless Driving,3,Car; Bicycle; Lorry,56+,0,2,Low,"No. 17 Temple Road, Mount Lavinia, Colombo, Sri Lanka","No. 17 Temple Road, Mount Lavinia, Colombo, Sri Lanka","17 Temple Rd, Dehiwala-Mount Lavinia, Sri Lanka",6.8370627,79.8857682,Clear,0.0,7.5,84.1,16.6,2022-02-20T06:26:25,2022-02-20T18:22:33,Clear,Good
Kollupitiya Flyover Approach,2023-03-24,07:59,Minor Injury,Multi-vehicle Collision,Driver Fatigue,4,Van; Three Wheeler; Motorcycle; Car,18-25,0,3,High,"Kollupitiya Flyover Approach, Colombo, Sri Lanka","Kollupitiya Flyover Approach, Colombo, Sri Lanka","Kollupitiya, Colombo, Sri Lanka",6.912815399999999,79.8506815,"Rain, Partially cloudy",0.202,8.2,83.5,64.9,2023-03-24T06:13:08,2023-03-24T18:21:09,Light Rain,Good
Mattakkuliya Junction,2025-02-28,16:53,Minor Injury,Rear-end Collision,Driver Negligence,4,Car; Lorry; Three Wheeler; Motorcycle,46-55,0,4,Moderate,"Mattakkuliya Junction, Colombo, Sri Lanka","Mattakkuliya Junction, Colombo, Sri Lanka","Mattakkuliya Brg, Colombo, Sri Lanka",6.9805611,79.875318,"Rain, Partially cloudy",0.011,8.6,81.9,35.6,2025-02-28T06:23:43,2025-02-28T18:22:50,Light Rain,Good
High Level Road Kirulapone,2024-12-16,21:40,Minor Injury,Single Vehicle Crash,Drunk Driving,1,Van,26-35,0,1,Moderate,"High Level Road Kirulapone, Colombo, Sri Lanka","High Level Road Kirulapone, Colombo, Sri Lanka","High Level Rd, Colombo, Sri Lanka",6.8775584,79.8793098,Overcast,0.002,6.1,85.3,93.8,2024-12-16T06:14:48,2024-12-16T17:58:08,Overcast,Good
Ibbanwala Junction,2025-12-11,18:46,Fatal,Rear-end Collision,Failure to Yield,3,Motorcycle; Car; Van,56+,1,5,Moderate,"Ibbanwala Junction, Colombo, Sri Lanka","Ibbanwala Junction, Colombo, Sri Lanka","Ibbanwala, Colombo, Sri Lanka",6.917642,79.8597831,"Rain, Partially cloudy",0.166,7.3,77.2,33.4,2025-12-11T06:12:09,2025-12-11T17:55:49,Light Rain,Good
Kotahena Junction,2023-05-31,09:38,Minor Injury,Rear-end Collision,Distracted Driving,1,Lorry,46-55,0,3,Moderate,"Kotahena Junction, Colombo, Sri Lanka","Kotahena Junction, Colombo, Sri Lanka","Kotahena St, Colombo 01300, Sri Lanka",6.9494699,79.8626776,"Rain, Partially cloudy",0.278,8.1,79.7,49.5,2023-05-31T05:53:34,2023-05-31T18:23:10,Light Rain,Good
Armour Street Junction,2023-10-23,08:45,Minor Injury,Multi-vehicle Collision,Failure to Yield,4,Motorcycle; Three Wheeler; Bicycle; Car,18-25,0,4,High,"Armour Street Junction, Colombo, Sri Lanka","Armour Street Junction, Colombo, Sri Lanka","Armour St, Colombo, Sri Lanka",6.9424222,79.8637618,"Rain, Partially cloudy",2.57,8.1,87.5,67.9,2023-10-23T05:57:10,2023-10-23T17:52:53,Light Rain,Good
Mutwal Road Mutwal,2022-05-07,07:58,Serious Injury,Head-on Collision,Overspeeding,1,Car,36-45,0,5,High,"Mutwal Road Mutwal, Colombo, Sri Lanka","Mutwal Road Mutwal, Colombo, Sri Lanka","Muthuwella Mawatha, Colombo, Sri Lanka",6.9640994,79.8649458,"Rain, Partially cloudy",0.213,7.8,78.9,25.6,2022-05-07T05:55:23,2022-05-07T18:19:14,Light Rain,Good
Galle Road Fort,2023-01-12,23:58,Minor Injury,Side-impact Collision,Overspeeding,2,Bicycle; Van,18-25,0,3,Moderate,"Galle Road Fort, Colombo, Sri Lanka","Galle Road Fort, Colombo, Sri Lanka","Galle Buck Rd, Colombo, Sri Lanka",6.9363912,79.8415204,Partially cloudy,0.0,7.8,67.9,36.7,2023-01-12T06:26:17,2023-01-12T18:11:25,Partially Cloudy,Good
Maradana Junction,2025-01-26,07:51,Minor Injury,Pedestrian Collision,Driver Negligence,1,Motorcycle,56+,0,2,High,"Maradana Junction, Colombo, Sri Lanka","Maradana Junction, Colombo, Sri Lanka","Maradana Junction, Colombo 01000, Sri Lanka",6.928874,79.8637428,Partially cloudy,0.001,5.6,73.0,25.3,2025-01-26T06:29:08,2025-01-26T18:17:28,Partially Cloudy,Moderate
Borella Junction,2024-11-20,08:46,Fatal,Head-on Collision,Driver Fatigue,2,Three Wheeler; Car,18-25,2,6,Moderate,"Borella Junction, Colombo, Sri Lanka","Borella Junction, Colombo, Sri Lanka","18 Dr NM Perera Mawatha Rd, Colombo 00800, Sri Lanka",6.9139525,79.878481,"Rain, Overcast",2.382,12.5,86.7,91.8,2024-11-20T06:02:48,2024-11-20T17:49:54,Light Rain,Good
Kirula Road Borella,2025-09-23,17:20,Serious Injury,Single Vehicle Crash,Overspeeding,1,Lorry,46-55,0,3,High,"Kirula Road Borella, Colombo, Sri Lanka","Kirula Road Borella, Colombo, Sri Lanka","Kirula Rd, Colombo 00500, Sri Lanka",6.8929759,79.873639,"Rain, Partially cloudy",0.12,8.1,74.0,27.9,2025-09-23T05:59:48,2025-09-23T18:06:20,Light Rain,Good
Kochchikade Junction,2024-05-03,17:05,Serious Injury,Motorcycle Collision,Driver Fatigue,2,Motorcycle; Bus,36-45,0,6,Moderate,"Kochchikade Junction, Colombo, Sri Lanka","Kochchikade Junction, Colombo, Sri Lanka","Colombo, Sri Lanka",6.9270786,79.861243,Partially cloudy,0.0,5.9,82.7,41.7,2024-05-03T05:56:14,2024-05-03T18:19:00,Partially Cloudy,Moderate
Pamankada Junction,2024-01-19,10:09,Minor Injury,Pedestrian Collision,Driver Negligence,2,Motorcycle; Three Wheeler,18-25,0,2,Moderate,"Pamankada Junction, Colombo, Sri Lanka","Pamankada Junction, Colombo, Sri Lanka","Pamankada Ln, Colombo, Sri Lanka",6.8756803,79.8676529,"Rain, Partially cloudy",2.73,7.1,82.7,54.9,2024-01-19T06:28:01,2024-01-19T18:14:28,Light Rain,Good
Borella Junction,2025-05-19,20:21,Serious Injury,Rear-end Collision,Distracted Driving,2,Car; Bicycle,36-45,0,4,High,"Borella Junction, Colombo, Sri Lanka","Borella Junction, Colombo, Sri Lanka","18 Dr NM Perera Mawatha Rd, Colombo 00800, Sri Lanka",6.9139525,79.878481,"Rain, Partially cloudy",0.437,7.3,81.5,34.5,2025-05-19T05:53:39,2025-05-19T18:20:52,Light Rain,Good
"No. 34 Galle Road, Dehiwela",2023-07-12,18:15,Minor Injury,Multi-vehicle Collision,Unsafe Lane Change,3,Van; Car; Motorcycle,18-25,0,3,Moderate,"No. 34 Galle Road, Dehiwela, Colombo, Sri Lanka","No. 34 Galle Road, Dehiwela, Colombo, Sri Lanka","34 Galle Rd, Colombo 00600, Sri Lanka",6.878424499999999,79.8597612,Partially cloudy,0.0,8.0,83.6,62.5,2023-07-12T06:01:26,2023-07-12T18:31:09,Partially Cloudy,Good
Galle Road Kollupitiya,2025-10-31,09:57,Minor Injury,Head-on Collision,Driver Negligence,2,Three Wheeler; Motorcycle,36-45,0,4,High,"Galle Road Kollupitiya, Colombo, Sri Lanka","Galle Road Kollupitiya, Colombo, Sri Lanka","Galle Rd, Colombo, Sri Lanka",6.9037968,79.8521362,Clear,0.004,7.3,71.8,8.0,2025-10-31T05:57:50,2025-10-31T17:50:41,Clear,Good
Mutwal Road Mutwal,2025-02-14,10:32,Serious Injury,Motorcycle Collision,Poor Visibility,2,Motorcycle; Car,26-35,0,3,Moderate,"Mutwal Road Mutwal, Colombo, Sri Lanka","Mutwal Road Mutwal, Colombo, Sri Lanka","Muthuwella Mawatha, Colombo, Sri Lanka",6.9640994,79.8649458,Clear,0.0,6.4,70.3,9.3,2025-02-14T06:27:51,2025-02-14T18:22:00,Clear,Good
"Junction of Horana Road and Piliyandala Road, Kesbewa",2023-10-26,19:09,Serious Injury,Single Vehicle Crash,Driver Negligence,1,Van,36-45,0,5,Moderate,"Junction of Horana Road and Piliyandala Road, Kesbewa, Colombo, Sri Lanka","Junction of Horana Road and Piliyandala Road, Kesbewa, Colombo, Sri Lanka","Horana Rd & Piliyandala Rd, Pannipitiya 10230, Sri Lanka",6.832952000000001,79.9647521,"Rain, Partially cloudy",0.145,7.4,84.4,45.5,2023-10-26T05:57:18,2023-10-26T17:51:59,Light Rain,Good
Sea Street Kotahena,2023-01-30,12:56,Minor Injury,Motorcycle Collision,Unsafe Lane Change,2,Motorcycle; Three Wheeler,26-35,0,3,Low,"Sea Street Kotahena, Colombo, Sri Lanka","Sea Street Kotahena, Colombo, Sri Lanka","Sea St, Colombo 01300, Sri Lanka",6.9418464,79.8542501,"Rain, Partially cloudy",0.027,6.7,79.4,60.9,2023-01-30T06:29:18,2023-01-30T18:18:36,Light Rain,Good
Bambalapitiya Railway Station Area,2024-10-06,08:33,Serious Injury,Head-on Collision,Driver Negligence,3,Motorcycle; Bicycle; Three Wheeler,46-55,0,2,High,"Bambalapitiya Railway Station Area, Colombo, Sri Lanka","Bambalapitiya Railway Station Area, Colombo, Sri Lanka","Bambalapitiya Railway Station, Colombo, Sri Lanka",6.8936984,79.8529574,Partially cloudy,0.0,5.9,83.2,55.0,2024-10-06T05:57:56,2024-10-06T17:59:30,Partially Cloudy,Moderate
Polduwa Junction,2024-02-26,14:11,Serious Injury,Multi-vehicle Collision,Reckless Driving,2,Three Wheeler; Motorcycle,18-25,0,4,High,"Polduwa Junction, Colombo, Sri Lanka","Polduwa Junction, Colombo, Sri Lanka","WW36+78R, AB15, Sri Jayawardenepura Kotte 10120, Sri Lanka",6.9032414,79.9107575,Partially cloudy,0.0,6.3,69.9,43.4,2024-02-26T06:24:42,2024-02-26T18:22:48,Partially Cloudy,Good
Slave Island Junction,2024-01-21,17:24,Serious Injury,Rear-end Collision,Failure to Yield,3,Bicycle; Three Wheeler; Car,18-25,0,2,High,"Slave Island Junction, Colombo, Sri Lanka","Slave Island Junction, Colombo, Sri Lanka","Kompannavidiya Flyover, Colombo, Sri Lanka",6.9266493,79.8483123,Partially cloudy,0.0,6.6,77.2,43.9,2024-01-21T06:28:23,2024-01-21T18:15:18,Partially Cloudy,Good
Bambalapitiya Junction,2024-02-13,11:37,Serious Injury,Motorcycle Collision,Reckless Driving,2,Motorcycle; Bus,18-25,0,4,Low,"Bambalapitiya Junction, Colombo, Sri Lanka","Bambalapitiya Junction, Colombo, Sri Lanka","Bambalapitiya, Colombo 00500, Sri Lanka",6.8894192,79.8575468,Partially cloudy,0.0,6.0,73.3,45.1,2024-02-13T06:28:12,2024-02-13T18:21:45,Partially Cloudy,Moderate
Sea Street Kotahena,2022-07-15,16:34,Minor Injury,Motorcycle Collision,Unsafe Lane Change,2,Motorcycle; Bicycle,26-35,0,3,Low,"Sea Street Kotahena, Colombo, Sri Lanka","Sea Street Kotahena, Colombo, Sri Lanka","Sea St, Colombo 01300, Sri Lanka",6.9418464,79.8542501,"Rain, Partially cloudy",0.024,6.5,85.1,24.0,2022-07-15T06:02:05,2022-07-15T18:31:14,Light Rain,Good
Union Place Slave Island,2024-04-18,17:18,Serious Injury,Single Vehicle Crash,Driver Fatigue,1,Three Wheeler,36-45,0,5,Moderate,"Union Place Slave Island, Colombo, Sri Lanka","Union Place Slave Island, Colombo, Sri Lanka","Union Pl, Colombo, Sri Lanka",6.9203664,79.8578057,Partially cloudy,0.0,6.2,80.5,39.3,2024-04-18T06:01:12,2024-04-18T18:18:52,Partially Cloudy,Good
Darley Road Cinnamon Gardens,2025-02-01,11:15,Minor Injury,Motorcycle Collision,Driver Negligence,2,Motorcycle; Van,18-25,0,2,High,"Darley Road Cinnamon Gardens, Colombo, Sri Lanka","Darley Road Cinnamon Gardens, Colombo, Sri Lanka","Darley Rd, Colombo, Sri Lanka",6.9228616,79.8620451,Partially cloudy,0.003,7.4,75.6,29.0,2025-02-01T06:29:20,2025-02-01T18:19:21,Partially Cloudy,Good
Thurstan Road Colombo 03,2025-03-03,07:13,Minor Injury,Side-impact Collision,Distracted Driving,3,Car; Motorcycle; Three Wheeler,56+,0,2,High,"Thurstan Road Colombo 03, Colombo, Sri Lanka","Thurstan Road Colombo 03, Colombo, Sri Lanka","Thurstan Rd, Colombo 00700, Sri Lanka",6.9017842,79.8590851,"Rain, Partially cloudy",1.589,7.4,83.5,43.9,2025-03-03T06:22:33,2025-03-03T18:22:47,Light Rain,Good
Pettah Clock Tower Area,2023-07-25,23:54,Minor Injury,Pedestrian Collision,Driver Fatigue,1,Three Wheeler,46-55,0,2,Moderate,"Pettah Clock Tower Area, Colombo, Sri Lanka","Pettah Clock Tower Area, Colombo, Sri Lanka","Pettah, Colombo, Sri Lanka",6.9367858,79.8525385,"Rain, Partially cloudy",1.819,7.4,88.9,68.5,2023-07-25T06:03:42,2023-07-25T18:30:45,Light Rain,Good
Armour Street Junction,2025-08-14,18:56,Minor Injury,Side-impact Collision,Mechanical Failure,1,Lorry,36-45,0,4,Low,"Armour Street Junction, Colombo, Sri Lanka","Armour Street Junction, Colombo, Sri Lanka","Armour St, Colombo, Sri Lanka",6.9424222,79.8637618,Partially cloudy,0.016,7.4,77.4,30.0,2025-08-14T06:04:51,2025-08-14T18:25:55,Partially Cloudy,Good
Pettah Clock Tower Area,2024-06-27,11:43,Minor Injury,Multi-vehicle Collision,Driver Fatigue,4,Three Wheeler; Bicycle; Motorcycle; Bus,26-35,0,3,High,"Pettah Clock Tower Area, Colombo, Sri Lanka","Pettah Clock Tower Area, Colombo, Sri Lanka","Pettah, Colombo, Sri Lanka",6.9367858,79.8525385,"Rain, Partially cloudy",0.042,8.0,83.7,58.5,2024-06-27T05:58:14,2024-06-27T18:29:30,Light Rain,Good
Fort Railway Station Area,2022-06-03,12:20,Fatal,Pedestrian Collision,Driver Negligence,2,Motorcycle; Car,36-45,1,2,High,"Fort Railway Station Area, Colombo, Sri Lanka","Fort Railway Station Area, Colombo, Sri Lanka","Fort Railway station, Colombo, Sri Lanka",6.9337011,79.85003019999999,"Rain, Partially cloudy",0.304,7.9,82.6,29.3,2022-06-03T05:53:48,2022-06-03T18:23:54,Light Rain,Good
Havelock Road Havelock Town,2025-09-02,04:20,Minor Injury,Rear-end Collision,Driver Fatigue,1,Van,18-25,0,1,High,"Havelock Road Havelock Town, Colombo, Sri Lanka","Havelock Road Havelock Town, Colombo, Sri Lanka","Havelock Rd, Colombo 00500, Sri Lanka",6.8903417,79.8638234,Partially cloudy,0.0,14.9,80.9,82.6,2025-09-02T06:03:11,2025-09-02T18:17:34,Partially Cloudy,Good
Maradana Junction,2024-07-12,07:08,Fatal,Side-impact Collision,Overspeeding,2,Three Wheeler; Motorcycle,18-25,1,2,High,"Maradana Junction, Colombo, Sri Lanka","Maradana Junction, Colombo, Sri Lanka","Maradana Junction, Colombo 01000, Sri Lanka",6.928874,79.8637428,"Rain, Partially cloudy",0.037,7.3,78.8,77.4,2024-07-12T06:01:36,2024-07-12T18:31:12,Light Rain,Good
Borella Junction,2025-12-27,09:46,Serious Injury,Motorcycle Collision,Distracted Driving,2,Motorcycle; Van,26-35,0,6,High,"Borella Junction, Colombo, Sri Lanka","Borella Junction, Colombo, Sri Lanka","18 Dr NM Perera Mawatha Rd, Colombo 00800, Sri Lanka",6.9139525,79.878481,Partially cloudy,0.0,7.1,67.0,27.0,2025-12-27T06:20:07,2025-12-27T18:03:28,Partially Cloudy,Good
"Junction of Rajagiriya Flyover and Nawala Road, Rajagiriya",2022-07-17,08:06,Serious Injury,Motorcycle Collision,Driver Negligence,2,Motorcycle; Van,18-25,0,5,High,"Junction of Rajagiriya Flyover and Nawala Road, Rajagiriya, Colombo, Sri Lanka","Junction of Rajagiriya Flyover and Nawala Road, Rajagiriya, Colombo, Sri Lanka","Rajagiriya Flyover, Rajagiriya Flyover, Sri Lanka",6.9089212,79.8957392,"Rain, Partially cloudy",0.063,8.2,81.5,28.5,2022-07-17T06:02:27,2022-07-17T18:31:14,Light Rain,Good
Kandy Road Kadawatha,2024-08-28,12:15,Minor Injury,Motorcycle Collision,Driver Negligence,2,Motorcycle; Bus,26-35,0,3,High,"Kandy Road Kadawatha, Colombo, Sri Lanka","Kandy Road Kadawatha, Colombo, Sri Lanka","Kandy Rd, Colombo, Sri Lanka",6.9559402,79.8879039,Partially cloudy,0.0,7.1,70.2,57.4,2024-08-28T06:03:47,2024-08-28T18:19:54,Partially Cloudy,Good
"Junction of Old Parliament Road and Polduwa Road, Kotte",2024-12-01,11:57,Minor Injury,Pedestrian Collision,Distracted Driving,1,Motorcycle,56+,0,2,Low,"Junction of Old Parliament Road and Polduwa Road, Kotte, Colombo, Sri Lanka","Junction of Old Parliament Road and Polduwa Road, Kotte, Colombo, Sri Lanka","Polduwa Rd, Sri Jayawardenepura Kotte, Sri Lanka",6.9038478,79.9164219,Partially cloudy,0.024,13.6,76.3,74.3,2024-12-01T06:07:23,2024-12-01T17:52:17,Partially Cloudy,Good
High Level Road Kirulapone,2023-08-15,16:28,Minor Injury,Head-on Collision,Mechanical Failure,3,Motorcycle; Three Wheeler; Van,46-55,0,1,Moderate,"High Level Road Kirulapone, Colombo, Sri Lanka","High Level Road Kirulapone, Colombo, Sri Lanka","High Level Rd, Colombo, Sri Lanka",6.8775584,79.8793098,Partially cloudy,0.001,8.1,76.7,49.3,2023-08-15T06:04:48,2023-08-15T18:25:43,Partially Cloudy,Good
Maradana Junction,2022-05-24,06:22,Minor Injury,Rear-end Collision,Driver Negligence,2,Motorcycle; Bicycle,46-55,0,3,Moderate,"Maradana Junction, Colombo, Sri Lanka","Maradana Junction, Colombo, Sri Lanka","Maradana Junction, Colombo 01000, Sri Lanka",6.928874,79.8637428,"Rain, Partially cloudy",1.156,9.7,85.8,64.1,2022-05-24T05:53:25,2022-05-24T18:21:42,Light Rain,Good
Justice Akbar Mawatha Slave Island,2025-06-09,13:03,Minor Injury,Motorcycle Collision,Overspeeding,2,Motorcycle; Bicycle,26-35,0,3,Low,"Justice Akbar Mawatha Slave Island, Colombo, Sri Lanka","Justice Akbar Mawatha Slave Island, Colombo, Sri Lanka","Justice Akbar Mawatha, Colombo, Sri Lanka",6.9238481,79.8503668,Partially cloudy,0.0,7.0,71.7,33.4,2025-06-09T05:54:36,2025-06-09T18:25:28,Partially Cloudy,Good
Union Place Slave Island,2025-04-20,07:59,Minor Injury,Motorcycle Collision,Driver Negligence,2,Motorcycle; Three Wheeler,46-55,0,2,High,"Union Place Slave Island, Colombo, Sri Lanka","Union Place Slave Island, Colombo, Sri Lanka","Union Pl, Colombo, Sri Lanka",6.9203664,79.8578057,Partially cloudy,0.008,7.0,76.5,31.9,2025-04-20T06:00:31,2025-04-20T18:18:49,Partially Cloudy,Good
Modara Junction,2025-12-06,12:19,Minor Injury,Side-impact Collision,Driver Negligence,1,Three Wheeler,56+,0,2,Low,"Modara Junction, Colombo, Sri Lanka","Modara Junction, Colombo, Sri Lanka","Modara, Colombo, Sri Lanka",6.9669247,79.8711533,"Rain, Partially cloudy",1.604,6.9,82.1,42.5,2025-12-06T06:09:39,2025-12-06T17:53:52,Light Rain,Good
Grandpass Junction,2024-11-19,17:13,Minor Injury,Pedestrian Collision,Reckless Driving,1,Motorcycle,26-35,0,1,Low,"Grandpass Junction, Colombo, Sri Lanka","Grandpass Junction, Colombo, Sri Lanka","Grandpass Rd, Colombo, Sri Lanka",6.9432514,79.8685531,"Rain, Overcast",1.33,11.0,87.0,95.3,2024-11-19T06:02:26,2024-11-19T17:49:47,Light Rain,Good
Armour Street Junction,2025-09-10,17:38,Minor Injury,Multi-vehicle Collision,Failure to Yield,3,Car; Motorcycle; Three Wheeler,46-55,0,3,Low,"Armour Street Junction, Colombo, Sri Lanka","Armour Street Junction, Colombo, Sri Lanka","Armour St, Colombo, Sri Lanka",6.9424222,79.8637618,"Rain, Partially cloudy",0.076,7.2,69.5,24.8,2025-09-10T06:01:58,2025-09-10T18:13:23,Light Rain,Good
Borella Junction,2025-08-28,09:42,Minor Injury,Side-impact Collision,Reckless Driving,1,Bicycle,26-35,0,3,Moderate,"Borella Junction, Colombo, Sri Lanka","Borella Junction, Colombo, Sri Lanka","18 Dr NM Perera Mawatha Rd, Colombo 00800, Sri Lanka",6.9139525,79.878481,"Rain, Partially cloudy",0.267,7.4,77.2,21.9,2025-08-28T06:03:49,2025-08-28T18:20:02,Light Rain,Good
Bauddhaloka Mawatha Cinnamon Gardens,2022-09-29,17:45,Minor Injury,Rear-end Collision,Distracted Driving,2,Motorcycle; Three Wheeler,36-45,0,1,Low,"Bauddhaloka Mawatha Cinnamon Gardens, Colombo, Sri Lanka","Bauddhaloka Mawatha Cinnamon Gardens, Colombo, Sri Lanka","Bauddhaloka Mawatha, Colombo 00700, Sri Lanka",6.901932,79.8694402,"Rain, Partially cloudy",0.054,8.2,77.8,25.3,2022-09-29T05:58:53,2022-09-29T18:03:15,Light Rain,Good
Borella Junction,2024-02-02,07:28,Minor Injury,Side-impact Collision,Drunk Driving,2,Motorcycle; Lorry,36-45,0,4,High,"Borella Junction, Colombo, Sri Lanka","Borella Junction, Colombo, Sri Lanka","18 Dr NM Perera Mawatha Rd, Colombo 00800, Sri Lanka",6.9139525,79.878481,"Rain, Partially cloudy",0.179,6.6,82.8,34.9,2024-02-02T06:29:20,2024-02-02T18:19:25,Light Rain,Good
Modara Junction,2024-04-06,23:18,Minor Injury,Single Vehicle Crash,Driver Negligence,1,Motorcycle,26-35,0,1,High,"Modara Junction, Colombo, Sri Lanka","Modara Junction, Colombo, Sri Lanka","Modara, Colombo, Sri Lanka",6.9669247,79.8711533,Partially cloudy,0.0,6.0,81.1,34.0,2024-04-06T06:06:27,2024-04-06T18:19:42,Partially Cloudy,Moderate
Union Place Slave Island,2024-12-30,18:11,Minor Injury,Rear-end Collision,Mechanical Failure,2,Three Wheeler; Car,36-45,0,3,Low,"Union Place Slave Island, Colombo, Sri Lanka","Union Place Slave Island, Colombo, Sri Lanka","Union Pl, Colombo, Sri Lanka",6.9203664,79.8578057,"Rain, Partially cloudy",0.078,6.6,84.2,46.2,2024-12-30T06:21:35,2024-12-30T18:05:08,Light Rain,Good
Modara Junction,2024-12-19,21:11,Minor Injury,Motorcycle Collision,Poor Visibility,2,Motorcycle; Lorry,26-35,0,2,Moderate,"Modara Junction, Colombo, Sri Lanka","Modara Junction, Colombo, Sri Lanka","Modara, Colombo, Sri Lanka",6.9669247,79.8711533,"Rain, Partially cloudy",0.637,5.9,86.2,57.4,2024-12-19T06:16:20,2024-12-19T17:59:33,Light Rain,Moderate
Maradana Junction,2022-03-10,15:08,Minor Injury,Motorcycle Collision,Poor Visibility,2,Motorcycle; Three Wheeler,36-45,0,2,Moderate,"Maradana Junction, Colombo, Sri Lanka","Maradana Junction, Colombo, Sri Lanka","Maradana Junction, Colombo 01000, Sri Lanka",6.928874,79.8637428,Clear,0.0,6.7,84.2,17.7,2022-03-10T06:19:40,2022-03-10T18:22:26,Clear,Good
Duplication Junction,2023-12-25,22:28,Minor Injury,Side-impact Collision,Failure to Yield,2,Motorcycle; Three Wheeler,26-35,0,2,Low,"Duplication Junction, Colombo, Sri Lanka","Duplication Junction, Colombo, Sri Lanka","Colombo, Sri Lanka",6.9270786,79.861243,Partially cloudy,0.0,6.2,74.5,31.7,2023-12-25T06:18:55,2023-12-25T18:02:10,Partially Cloudy,Good
Angoda Junction,2024-04-01,08:00,Serious Injury,Side-impact Collision,Reckless Driving,4,Bicycle; Bus; Three Wheeler; Car,26-35,0,5,High,"Angoda Junction, Colombo, Sri Lanka","Angoda Junction, Colombo, Sri Lanka","Angoda Junction, Angoda, Sri Lanka",6.9359696,79.92568729999999,"Rain, Partially cloudy",0.04,14.7,81.6,41.3,2024-04-01T06:08:50,2024-04-01T18:20:12,Light Rain,Good
Fort Railway Station Area,2024-12-25,08:02,Fatal,Side-impact Collision,Distracted Driving,2,Car; Motorcycle,18-25,1,5,High,"Fort Railway Station Area, Colombo, Sri Lanka","Fort Railway Station Area, Colombo, Sri Lanka","Fort Railway station, Colombo, Sri Lanka",6.9337011,79.85003019999999,Partially cloudy,0.0,6.8,77.9,21.0,2024-12-25T06:19:17,2024-12-25T18:02:34,Partially Cloudy,Good
Armour Street Pettah,2025-09-29,22:16,Minor Injury,Motorcycle Collision,Distracted Driving,2,Motorcycle; Three Wheeler,26-35,0,3,Low,"Armour Street Pettah, Colombo, Sri Lanka","Armour Street Pettah, Colombo, Sri Lanka","Armour St, Colombo, Sri Lanka",6.9424222,79.8637618,"Rain, Partially cloudy",0.146,7.9,79.1,36.6,2025-09-29T05:58:53,2025-09-29T18:03:08,Light Rain,Good
Pettah Clock Tower Area,2024-05-20,11:39,Minor Injury,Multi-vehicle Collision,Unsafe Lane Change,4,Motorcycle; Three Wheeler; Bicycle; Bus,36-45,0,1,Low,"Pettah Clock Tower Area, Colombo, Sri Lanka","Pettah Clock Tower Area, Colombo, Sri Lanka","Pettah, Colombo, Sri Lanka",6.9367858,79.8525385,"Rain, Partially cloudy",0.208,5.6,92.3,74.2,2024-05-20T05:53:33,2024-05-20T18:21:04,Light Rain,Moderate
Maradana Junction,2025-03-02,11:00,Minor Injury,Multi-vehicle Collision,Failure to Yield,4,Bus; Motorcycle; Bicycle; Van,46-55,0,3,Low,"Maradana Junction, Colombo, Sri Lanka","Maradana Junction, Colombo, Sri Lanka","Maradana Junction, Colombo 01000, Sri Lanka",6.928874,79.8637428,"Rain, Partially cloudy",0.155,6.6,79.8,21.8,2025-03-02T06:22:57,2025-03-02T18:22:48,Light Rain,Good
Kelaniya Junction,2024-10-28,17:27,Serious Injury,Multi-vehicle Collision,Driver Negligence,3,Bicycle; Motorcycle; Bus,36-45,0,2,High,"Kelaniya Junction, Colombo, Sri Lanka","Kelaniya Junction, Colombo, Sri Lanka","Colombo, Sri Lanka",6.9270786,79.861243,"Rain, Partially cloudy",0.083,5.8,87.5,61.8,2024-10-28T05:57:31,2024-10-28T17:51:17,Light Rain,Moderate
Kollupitiya Flyover Approach,2024-10-14,13:46,Minor Injury,Pedestrian Collision,Driver Negligence,2,Motorcycle; Car,26-35,0,2,Low,"Kollupitiya Flyover Approach, Colombo, Sri Lanka","Kollupitiya Flyover Approach, Colombo, Sri Lanka","Kollupitiya, Colombo, Sri Lanka",6.912815399999999,79.8506815,"Rain, Overcast",0.067,4.9,97.3,96.3,2024-10-14T05:57:17,2024-10-14T17:55:55,Light Rain,Moderate