Location,Date of Accident,Time of Accident,Accident Severity,Collision Type,Cause of Accident,Number of Vehicles,Vehicle Types,Driver Age Group,Number of Fatalities,Number of Injuries,Property Damage Level,location_standardized,location_name,formatted_address,latitude,longitude,conditions,precip,visibility,humidity,cloudcover,sunrise,sunset,weather_condition_label,visibility_level
Bauddhaloka Mawatha Cinnamon Gardens,2025-05-21,13:53,Minor Injury,Rear-end Collision,Unsafe Lane Change,2,Three Wheeler; Motorcycle,36-45,0,2,Low,"Bauddhaloka Mawatha Cinnamon Gardens, Colombo, Sri Lanka","Bauddhaloka Mawatha Cinnamon Gardens, Colombo, Sri Lanka","Bauddhaloka Mawatha, Colombo 00700, Sri Lanka",6.901932,79.8694402,Partially cloudy,0.004,7.5,73.7,31.8,2025-05-21T05:53:32,2025-05-21T18:21:13,Partially Cloudy,Good
Duplication Road Bambalapitiya,2024-09-14,09:40,Fatal,Multi-vehicle Collision,Reckless Driving,2,Van; Bicycle,46-55,1,6,High,"Duplication Road Bambalapitiya, Colombo, Sri Lanka","Duplication Road Bambalapitiya, Colombo, Sri Lanka","450 E R. A. De Mel Mawatha, Colombo 00200, Sri Lanka",6.9024028,79.8545389,"Rain, Partially cloudy",0.041,6.5,77.3,65.3,2024-09-14T06:01:15,2024-09-14T18:11:05,Light Rain,Good
Armour Street Pettah,2023-02-24,15:47,Minor Injury,Side-impact Collision,Distracted Driving,2,Three Wheeler; Motorcycle,18-25,0,3,High,"Armour Street Pettah, Colombo, Sri Lanka","Armour Street Pettah, Colombo, Sri Lanka","Armour St, Colombo, Sri Lanka",6.9424222,79.8637618,"Rain, Partially cloudy",2.067,8.0,78.6,65.7,2023-02-24T06:25:17,2023-02-24T18:22:45,Light Rain,Good
Armour Street Junction,2022-05-08,06:31,Minor Injury,Side-impact Collision,Driver Negligence,2,Car; Motorcycle,56+,0,4,Moderate,"Armour Street Junction, Colombo, Sri Lanka","Armour Street Junction, Colombo, Sri Lanka","Armour St, Colombo, Sri Lanka",6.9424222,79.8637618,Partially cloudy,0.0,7.5,79.8,32.8,2022-05-08T05:55:11,2022-05-08T18:19:19,Partially Cloudy,Good
Borella Junction,2023-02-15,12:02,Minor Injury,Rear-end Collision,Mechanical Failure,3,Three Wheeler; Car; Bicycle,36-45,0,4,Moderate,"Borella Junction, Colombo, Sri Lanka","Borella Junction, Colombo, Sri Lanka","18 Dr NM Perera Mawatha Rd, Colombo 00800, Sri Lanka",6.9139525,79.878481,Partially cloudy,0.0,7.5,68.4,33.8,2023-02-15T06:27:44,2023-02-15T18:22:03,Partially Cloudy,Good
Union Place Borella,2023-08-03,16:43,Serious Injury,Rear-end Collision,Reckless Driving,1,Three Wheeler,26-35,0,3,High,"Union Place Borella, Colombo, Sri Lanka","Union Place Borella, Colombo, Sri Lanka","Colombo 08, Colombo, Sri Lanka",6.9147836,79.8775951,Partially cloudy,0.0,8.0,81.8,47.3,2023-08-03T06:04:36,2023-08-03T18:29:14,Partially Cloudy,Good
High Level Road Kirulapone,2025-02-28,17:37,Minor Injury,Rear-end Collision,Driver Fatigue,3,Three Wheeler; Motorcycle; Car,18-25,0,4,Moderate,"High Level Road Kirulapone, Colombo, Sri Lanka","High Level Road Kirulapone, Colombo, Sri Lanka","High Level Rd, Colombo, Sri Lanka",6.8775584,79.8793098,"Rain, Partially cloudy",0.011,8.6,81.9,35.6,2025-02-28T06:23:43,2025-02-28T18:22:50,Light Rain,Good
Armour Street Pettah,2025-11-07,10:23,Serious Injury,Side-impact Collision,Overspeeding,4,Car; Van; Motorcycle; Three Wheeler,26-35,0,5,High,"Armour Street Pettah, Colombo, Sri Lanka","Armour Street Pettah, Colombo, Sri Lanka","Armour St, Colombo, Sri Lanka",6.9424222,79.8637618,"Rain, Partially cloudy",0.068,6.8,77.9,39.3,2025-11-07T05:58:59,2025-11-07T17:49:40,Light Rain,Good
Liberty Plaza Area,2024-03-30,14:52,Serious Injury,Side-impact Collision,Reckless Driving,1,Motorcycle,46-55,0,4,Moderate,"Liberty Plaza Area, Colombo, Sri Lanka","Liberty Plaza Area, Colombo, Sri Lanka","300 Srimath Anagarika Dharmapala Mawatha, Colombo 00300, Sri Lanka",6.9118996,79.85130869999999,"Rain, Partially cloudy",0.076,14.7,77.6,32.5,2024-03-30T06:09:49,2024-03-30T18:20:25,Light Rain,Good
Hulftsdorp Junction,2024-12-18,14:03,Minor Injury,Side-impact Collision,Unsafe Lane Change,2,Car; Three Wheeler,36-45,0,2,Low,"Hulftsdorp Junction, Colombo, Sri Lanka","Hulftsdorp Junction, Colombo, Sri Lanka","Hultsdorf St, Colombo, Sri Lanka",6.9375553,79.8608161,Partially cloudy,0.001,6.9,83.5,64.9,2024-12-18T06:15:49,2024-12-18T17:59:04,Partially Cloudy,Good
High Level Road Kirulapone,2025-01-24,08:39,Minor Injury,Rear-end Collision,Distracted Driving,2,Motorcycle; Bus,18-25,0,3,Low,"High Level Road Kirulapone, Colombo, Sri Lanka","High Level Road Kirulapone, Colombo, Sri Lanka","High Level Rd, Colombo, Sri Lanka",6.8775584,79.8793098,Partially cloudy,0.0,5.9,84.4,35.8,2025-01-24T06:28:56,2025-01-24T18:16:46,Partially Cloudy,Moderate
Ibbanwala Junction,2022-07-04,15:38,Serious Injury,Motorcycle Collision,Unsafe Lane Change,2,Motorcycle; Bus,18-25,0,3,Moderate,"Ibbanwala Junction, Colombo, Sri Lanka","Ibbanwala Junction, Colombo, Sri Lanka","Ibbanwala, Colombo, Sri Lanka",6.917642,79.8597831,"Rain, Partially cloudy",0.039,8.1,75.0,27.4,2022-07-04T05:59:42,2022-07-04T18:30:28,Light Rain,Good
Borella Police Area,2025-06-24,17:55,Serious Injury,Single Vehicle Crash,Poor Visibility,1,Three Wheeler,36-45,0,2,Moderate,"Borella Police Area, Colombo, Sri Lanka","Borella Police Area, Colombo, Sri Lanka","Colombo 08, Colombo, Sri Lanka",6.9147836,79.8775951,Rain,0.026,7.1,76.2,18.1,2025-06-24T05:57:30,2025-06-24T18:28:54,Light Rain,Good
Kotahena Junction,2025-12-14,18:34,Minor Injury,Single Vehicle Crash,Driver Negligence,1,Bicycle,36-45,0,1,High,"Kotahena Junction, Colombo, Sri Lanka","Kotahena Junction, Colombo, Sri Lanka","Kotahena St, Colombo 01300, Sri Lanka",6.9494699,79.8626776,Partially cloudy,0.02,6.9,74.0,28.7,2025-12-14T06:13:40,2025-12-14T17:57:07,Partially Cloudy,Good
Slave Island Junction,2024-08-17,00:54,Serious Injury,Side-impact Collision,Driver Negligence,2,Motorcycle; Car,46-55,0,5,High,"Slave Island Junction, Colombo, Sri Lanka","Slave Island Junction, Colombo, Sri Lanka","Kompannavidiya Flyover, Colombo, Sri Lanka",6.9266493,79.8483123,Partially cloudy,0.0,5.4,85.4,79.2,2024-08-17T06:04:43,2024-08-17T18:24:42,Partially Cloudy,Moderate
Borella Junction,2025-03-03,17:47,Minor Injury,Motorcycle Collision,Reckless Driving,2,Motorcycle; Bicycle,18-25,0,2,Moderate,"Borella Junction, Colombo, Sri Lanka","Borella Junction, Colombo, Sri Lanka","18 Dr NM Perera Mawatha Rd, Colombo 00800, Sri Lanka",6.9139525,79.878481,"Rain, Partially cloudy",1.589,7.4,83.5,43.9,2025-03-03T06:22:33,2025-03-03T18:22:47,Light Rain,Good
Kynsey Road Colombo 08,2024-08-10,20:33,Serious Injury,Rear-end Collision,Poor Visibility,2,Bicycle; Three Wheeler,36-45,0,3,Moderate,"Kynsey Road Colombo 08, Colombo, Sri Lanka","Kynsey Road Colombo 08, Colombo, Sri Lanka","Kynsey Rd, Colombo, Sri Lanka",6.9138953,79.8749431,Partially cloudy,0.0,6.2,74.2,53.8,2024-08-10T06:04:52,2024-08-10T18:27:09,Partially Cloudy,Good
Bambalapitiya Junction,2023-10-23,22:30,Minor Injury,Rear-end Collision,Reckless Driving,1,Motorcycle,18-25,0,2,Low,"Bambalapitiya Junction, Colombo, Sri Lanka","Bambalapitiya Junction, Colombo, Sri Lanka","Bambalapitiya, Colombo 00500, Sri Lanka",6.8894192,79.8575468,"Rain, Partially cloudy",2.57,8.1,87.5,67.9,2023-10-23T05:57:10,2023-10-23T17:52:53,Light Rain,Good
Bauddhaloka Mawatha Cinnamon Gardens,2025-12-04,09:48,Fatal,Head-on Collision,Poor Visibility,4,Three Wheeler; Lorry; Motorcycle; Van,18-25,2,5,Low,"Bauddhaloka Mawatha Cinnamon Gardens, Colombo, Sri Lanka","Bauddhaloka Mawatha Cinnamon Gardens, Colombo, Sri Lanka","Bauddhaloka Mawatha, Colombo 00700, Sri Lanka",6.901932,79.8694402,"Rain, Partially cloudy",0.048,5.8,82.2,28.1,2025-12-04T06:08:41,2025-12-04T17:53:10,Light Rain,Moderate
"Junction of Sri Jayawardenepura Mawatha and Jayanthi Mawatha, Battaramulla",2024-10-23,08:48,Minor Injury,Pedestrian Collision,Driver Negligence,2,Motorcycle; Lorry,36-45,0,1,Low,"Junction of Sri Jayawardenepura Mawatha and Jayanthi Mawatha, Battaramulla, Colombo, Sri Lanka","Junction of Sri Jayawardenepura Mawatha and Jayanthi Mawatha, Battaramulla, Colombo, Sri Lanka","Jayanthi Mawatha & Sri Jayawardenepura Mawatha, Sri Jayawardenepura Kotte, Sri Lanka",6.9060652,79.904172,"Rain, Partially cloudy",0.036,7.1,91.9,69.6,2024-10-23T05:57:12,2024-10-23T17:52:39,Light Rain,Good
Armour Street Junction,2023-09-22,06:57,Fatal,Multi-vehicle Collision,Pedestrian Negligence,4,Van; Motorcycle; Three Wheeler; Bicycle,36-45,1,7,High,"Armour Street Junction, Colombo, Sri Lanka","Armour Street Junction, Colombo, Sri Lanka","Armour St, Colombo, Sri Lanka",6.9424222,79.8637618,"Rain, Partially cloudy",2.439,8.8,87.9,74.7,2023-09-22T06:00:02,2023-09-22T18:07:07,Light Rain,Good
Dutugemunu Street Colombo 06,2023-06-25,16:25,Minor Injury,Motorcycle Collision,Distracted Driving,2,Motorcycle; Bicycle,26-35,0,2,Moderate,"Dutugemunu Street Colombo 06, Colombo, Sri Lanka","Dutugemunu Street Colombo 06, Colombo, Sri Lanka","Dutugemunu St, Colombo, Sri Lanka",6.8713991,79.8760649,"Rain, Partially cloudy",0.099,7.7,82.1,72.2,2023-06-25T05:57:35,2023-06-25T18:28:58,Light Rain,Good
Armour Street Junction,2025-10-24,20:22,Minor Injury,Pedestrian Collision,Overspeeding,2,Motorcycle; Car,18-25,0,2,High,"Armour Street Junction, Colombo, Sri Lanka","Armour Street Junction, Colombo, Sri Lanka","Armour St, Colombo, Sri Lanka",6.9424222,79.8637618,"Rain, Partially cloudy",0.352,6.1,88.4,45.8,2025-10-24T05:57:15,2025-10-24T17:52:26,Light Rain,Good
Fort Railway Station Area,2023-02-12,09:23,Minor Injury,Rear-end Collision,Reckless Driving,3,Three Wheeler; Motorcycle; Car,26-35,0,2,Low,"Fort Railway Station Area, Colombo, Sri Lanka","Fort Railway Station Area, Colombo, Sri Lanka","Fort Railway station, Colombo, Sri Lanka",6.9337011,79.85003019999999,Partially cloudy,0.0,7.7,76.8,35.5,2023-02-12T06:28:19,2023-02-12T18:21:37,Partially Cloudy,Good
Galle Road Fort,2025-08-14,11:15,Minor Injury,Side-impact Collision,Distracted Driving,1,Van,18-25,0,3,High,"Galle Road Fort, Colombo, Sri Lanka","Galle Road Fort, Colombo, Sri Lanka","Galle Buck Rd, Colombo, Sri Lanka",6.9363912,79.8415204,Partially cloudy,0.016,7.4,77.4,30.0,2025-08-14T06:04:51,2025-08-14T18:25:55,Partially Cloudy,Good
High Level Road Kirulapone,2025-07-21,09:12,Fatal,Motorcycle Collision,Reckless Driving,1,Motorcycle,56+,1,1,High,"High Level Road Kirulapone, Colombo, Sri Lanka","High Level Road Kirulapone, Colombo, Sri Lanka","High Level Rd, Colombo, Sri Lanka",6.8775584,79.8793098,Partially cloudy,0.0,6.8,79.8,40.9,2025-07-21T06:03:13,2025-07-21T18:31:05,Partially Cloudy,Good
Bambalapitiya Junction,2025-01-14,09:31,Fatal,Rear-end Collision,Overspeeding,2,Three Wheeler; Bicycle,26-35,1,3,High,"Bambalapitiya Junction, Colombo, Sri Lanka","Bambalapitiya Junction, Colombo, Sri Lanka","Bambalapitiya, Colombo 00500, Sri Lanka",6.8894192,79.8575468,"Rain, Partially cloudy",0.022,7.2,88.9,77.1,2025-01-14T06:27:01,2025-01-14T18:12:36,Light Rain,Good
Sir Chittampalam A Gardiner Mawatha Fort,2024-09-27,07:28,Minor Injury,Head-on Collision,Overspeeding,2,Motorcycle; Van,26-35,0,4,Low,"Sir Chittampalam A Gardiner Mawatha Fort, Colombo, Sri Lanka","Sir Chittampalam A Gardiner Mawatha Fort, Colombo, Sri Lanka","Sir Chittampalam A Gardiner Mawath, Colombo, Sri Lanka",6.9298377,79.8477933,Partially cloudy,0.0,6.2,79.8,62.7,2024-09-27T05:59:07,2024-09-27T18:04:03,Partially Cloudy,Good
"No. 12 Second Cross Street, Pettah, Colombo 11",2023-12-26,08:24,Minor Injury,Motorcycle Collision,Driver Fatigue,3,Motorcycle; Three Wheeler; Lorry,26-35,0,1,Moderate,"No. 12 Second Cross Street, Pettah, Colombo 11, Colombo, Sri Lanka","No. 12 Second Cross Street, Pettah, Colombo 11, Colombo, Sri Lanka","12 2nd Cross Street, Colombo 01100, Sri Lanka",6.935164400000001,79.852597,Partially cloudy,0.0,6.2,75.4,47.3,2023-12-26T06:19:23,2023-12-26T18:02:40,Partially Cloudy,Good
Union Place Borella,2025-11-21,20:21,Serious Injury,Rear-end Collision,Driver Negligence,2,Bus; Bicycle,26-35,0,5,High,"Union Place Borella, Colombo, Sri Lanka","Union Place Borella, Colombo, Sri Lanka","Colombo 08, Colombo, Sri Lanka",6.9147836,79.8775951,"Rain, Partially cloudy",0.234,6.5,81.2,34.0,2025-11-21T06:03:05,2025-11-21T17:50:01,Light Rain,Good
Dematagoda Junction,2023-03-08,07:31,Serious Injury,Motorcycle Collision,Reckless Driving,2,Motorcycle; Bus,18-25,0,2,High,"Dematagoda Junction, Colombo, Sri Lanka","Dematagoda Junction, Colombo, Sri Lanka","Dematagoda Pl, Colombo, Sri Lanka",6.9293231,79.8764195,Partially cloudy,0.0,7.8,74.0,29.0,2023-03-08T06:20:40,2023-03-08T18:22:35,Partially Cloudy,Good
Bambalapitiya Junction,2025-09-24,14:32,Minor Injury,Multi-vehicle Collision,Failure to Yield,3,Bicycle; Three Wheeler; Motorcycle,26-35,0,4,High,"Bambalapitiya Junction, Colombo, Sri Lanka","Bambalapitiya Junction, Colombo, Sri Lanka","Bambalapitiya, Colombo 00500, Sri Lanka",6.8894192,79.8575468,"Rain, Partially cloudy",0.398,7.4,72.9,31.3,2025-09-24T05:59:38,2025-09-24T18:05:47,Light Rain,Good
Messenger Street Pettah,2023-03-23,18:48,Minor Injury,Motorcycle Collision,Failure to Yield,2,Motorcycle; Three Wheeler,46-55,0,2,Moderate,"Messenger Street Pettah, Colombo, Sri Lanka","Messenger Street Pettah, Colombo, Sri Lanka","M. J. M. Lafeer Mawatha, Colombo, Sri Lanka",6.9411356,79.8629811,"Rain, Partially cloudy",1.559,7.9,82.7,69.1,2023-03-23T06:13:37,2023-03-23T18:21:15,Light Rain,Good
Armour Street Junction,2025-04-21,23:46,Fatal,Side-impact Collision,Overspeeding,1,Motorcycle,18-25,1,1,Moderate,"Armour Street Junction, Colombo, Sri Lanka","Armour Street Junction, Colombo, Sri Lanka","Armour St, Colombo, Sri Lanka",6.9424222,79.8637618,"Rain, Partially cloudy",0.083,7.0,80.1,51.2,2025-04-21T06:00:08,2025-04-21T18:18:48,Light Rain,Good
Town Hall Area,2025-02-20,19:00,Minor Injury,Pedestrian Collision,Driver Negligence,1,Motorcycle,56+,0,2,Low,"Town Hall Area, Colombo, Sri Lanka","Town Hall Area, Colombo, Sri Lanka","Town Hall, Colombo 01000, Sri Lanka",6.9158502,79.8637861,Clear,0.0,6.0,65.2,8.8,2025-02-20T06:26:22,2025-02-20T18:22:36,Clear,Moderate
"No. 12 Gregory's Road, Colombo 07",2025-08-09,12:28,Minor Injury,Rear-end Collision,Overspeeding,2,Three Wheeler; Car,18-25,0,2,Low,"No. 12 Gregory's Road, Colombo 07, Colombo, Sri Lanka","No. 12 Gregory's Road, Colombo 07, Colombo, Sri Lanka","12A Gregory's Ave, Colombo 00700, Sri Lanka",6.9093854,79.8681264,Partially cloudy,0.0,7.3,78.7,46.1,2025-08-09T06:04:53,2025-08-09T18:27:33,Partially Cloudy,Good
Havelock Town Junction,2024-11-01,22:18,Serious Injury,Multi-vehicle Collision,Reckless Driving,2,Car; Van,46-55,0,4,Low,"Havelock Town Junction, Colombo, Sri Lanka","Havelock Town Junction, Colombo, Sri Lanka","Havelock Town, Colombo, Sri Lanka",6.886651899999999,79.8646835,Partially cloudy,0.008,6.9,86.5,55.6,2024-11-01T05:57:59,2024-11-01T17:50:26,Partially Cloudy,Good
Modara Junction,2025-02-14,23:19,Minor Injury,Single Vehicle Crash,Driver Negligence,1,Motorcycle,46-55,0,1,Moderate,"Modara Junction, Colombo, Sri Lanka","Modara Junction, Colombo, Sri Lanka","Modara, Colombo, Sri Lanka",6.9669247,79.8711533,Clear,0.0,6.4,70.3,9.3,2025-02-14T06:27:51,2025-02-14T18:22:00,Clear,Good
Galle Road Wellawatte,2025-07-18,13:28,Minor Injury,Motorcycle Collision,Overspeeding,2,Motorcycle; Three Wheeler,36-45,0,3,High,"Galle Road Wellawatte, Colombo, Sri Lanka","Galle Road Wellawatte, Colombo, Sri Lanka","Galle Rd, Colombo, Sri Lanka",6.8755051,79.861039,Partially cloudy,0.0,7.1,71.9,33.9,2025-07-18T06:02:43,2025-07-18T18:31:14,Partially Cloudy,Good
Maradana Junction,2024-01-02,07:24,Serious Injury,Motorcycle Collision,Overspeeding,4,Motorcycle; Bicycle; Car; Bus,46-55,0,3,Moderate,"Maradana Junction, Colombo, Sri Lanka","Maradana Junction, Colombo, Sri Lanka","Maradana Junction, Colombo 01000, Sri Lanka",6.928874,79.8637428,"Rain, Partially cloudy",0.228,6.9,84.0,69.7,2024-01-02T06:22:33,2024-01-02T18:06:17,Light Rain,Good
Manning Market Area,2023-10-17,13:41,Fatal,Motorcycle Collision,Overspeeding,2,Motorcycle; Bicycle,26-35,1,4,High,"Manning Market Area, Colombo, Sri Lanka","Manning Market Area, Colombo, Sri Lanka","Manning Market, Colombo, Sri Lanka",6.934375999999999,79.853132,"Rain, Partially cloudy",2.348,7.9,87.7,69.8,2023-10-17T05:57:11,2023-10-17T17:55:00,Light Rain,Good
Borella Junction,2022-11-23,06:59,Minor Injury,Side-impact Collision,Driver Negligence,2,Three Wheeler; Bicycle,26-35,0,4,Low,"Borella Junction, Colombo, Sri Lanka","Borella Junction, Colombo, Sri Lanka","18 Dr NM Perera Mawatha Rd, Colombo 00800, Sri Lanka",6.9139525,79.878481,Clear,0.0,7.9,77.3,14.5,2022-11-23T06:03:43,2022-11-23T17:50:15,Clear,Good
Kollupitiya Flyover Approach,2025-04-09,22:03,Minor Injury,Motorcycle Collision,Failure to Yield,3,Motorcycle; Three Wheeler; Bicycle,26-35,0,2,High,"Kollupitiya Flyover Approach, Colombo, Sri Lanka","Kollupitiya Flyover Approach, Colombo, Sri Lanka","Kollupitiya, Colombo, Sri Lanka",6.912815399999999,79.8506815,"Rain, Partially cloudy",0.037,6.9,75.2,30.1,2025-04-09T06:05:11,2025-04-09T18:19:28,Light Rain,Good
Wellawatte Junction,2024-08-07,19:56,Fatal,Multi-vehicle Collision,Overspeeding,4,Car; Three Wheeler; Motorcycle; Bicycle,46-55,2,6,Moderate,"Wellawatte Junction, Colombo, Sri Lanka","Wellawatte Junction, Colombo, Sri Lanka","Wellawatte, Colombo 00600, Sri Lanka",6.874092099999999,79.8604934,Partially cloudy,0.0,6.3,75.4,51.0,2024-08-07T06:04:50,2024-08-07T18:28:03,Partially Cloudy,Good
"No. 88 Horton Place, Colombo 07",2025-08-07,13:59,Fatal,Pedestrian Collision,Overspeeding,1,Bus,18-25,1,2,High,"No. 88 Horton Place, Colombo 07, Colombo, Sri Lanka","No. 88 Horton Place, Colombo 07, Colombo, Sri Lanka","88 Horton Pl, Colombo 00700, Sri Lanka",6.911387899999999,79.87225459999999,Partially cloudy,0.0,7.9,76.3,45.1,2025-08-07T06:04:50,2025-08-07T18:28:08,Partially Cloudy,Good
Darley Road Cinnamon Gardens,2024-11-23,07:12,Fatal,Rear-end Collision,Unsafe Lane Change,1,Motorcycle,26-35,1,1,High,"Darley Road Cinnamon Gardens, Colombo, Sri Lanka","Darley Road Cinnamon Gardens, Colombo, Sri Lanka","Darley Rd, Colombo, Sri Lanka",6.9228616,79.8620451,Partially cloudy,0.0,5.6,86.5,83.2,2024-11-23T06:03:56,2024-11-23T17:50:22,Partially Cloudy,Moderate
Maradana Junction,2022-10-08,06:37,Minor Injury,Motorcycle Collision,Reckless Driving,1,Motorcycle,26-35,0,3,Moderate,"Maradana Junction, Colombo, Sri Lanka","Maradana Junction, Colombo, Sri Lanka","Maradana Junction, Colombo 01000, Sri Lanka",6.928874,79.8637428,Partially cloudy,0.0,8.8,78.1,34.7,2022-10-08T05:57:46,2022-10-08T17:58:46,Partially Cloudy,Good
Wellawatte Junction,2024-01-12,05:24,Minor Injury,Motorcycle Collision,Pedestrian Negligence,1,Motorcycle,26-35,0,1,Moderate,"Wellawatte Junction, Colombo, Sri Lanka","Wellawatte Junction, Colombo, Sri Lanka","Wellawatte, Colombo 00600, Sri Lanka",6.874092099999999,79.8604934,Partially cloudy,0.0,7.8,73.2,49.5,2024-01-12T06:26:13,2024-01-12T18:11:18,Partially Cloudy,Good
Bauddhaloka Mawatha Cinnamon Gardens,2025-06-21,08:30,Serious Injury,Motorcycle Collision,Pedestrian Negligence,2,Motorcycle; Car,26-35,0,6,High,"Bauddhaloka Mawatha Cinnamon Gardens, Colombo, Sri Lanka","Bauddhaloka Mawatha Cinnamon Gardens, Colombo, Sri Lanka","Bauddhaloka Mawatha, Colombo 00700, Sri Lanka",6.901932,79.8694402,Partially cloudy,0.004,6.8,77.4,43.1,2025-06-21T05:56:50,2025-06-21T18:28:17,Partially Cloudy,Good
Nelum Pokuna Area,2022-09-08,14:55,Fatal,Motorcycle Collision,Driver Fatigue,3,Motorcycle; Three Wheeler; Bus,36-45,1,5,Moderate,"Nelum Pokuna Area, Colombo, Sri Lanka","Nelum Pokuna Area, Colombo, Sri Lanka","110 Ananda Coomaraswamy Mawatha, Colombo 00700, Sri Lanka",6.910803199999999,79.86344670000001,Partially cloudy,0.0,7.9,80.9,34.2,2022-09-08T06:02:18,2022-09-08T18:14:34,Partially Cloudy,Good
Moratuwa Junction,2025-12-09,17:46,Serious Injury,Pedestrian Collision,Overspeeding,1,Motorcycle,18-25,0,2,High,"Moratuwa Junction, Colombo, Sri Lanka","Moratuwa Junction, Colombo, Sri Lanka","Moratuwa, Sri Lanka",6.7879304,79.88511419999999,"Rain, Partially cloudy",0.364,6.8,78.5,25.8,2025-12-09T06:11:09,2025-12-09T17:55:00,Light Rain,Good
Pettah Market Area,2023-10-22,13:59,Fatal,Single Vehicle Crash,Unsafe Lane Change,1,Motorcycle,26-35,1,3,High,"Pettah Market Area, Colombo, Sri Lanka","Pettah Market Area, Colombo, Sri Lanka","WVP3+VMM, Keyzer St, Colombo 01100, Sri Lanka",6.937201699999999,79.854187,"Rain, Partially cloudy",0.541,8.0,85.1,60.7,2023-10-22T05:57:09,2023-10-22T17:53:12,Light Rain,Good
Baseline Road Borella,2024-03-31,19:44,Minor Injury,Single Vehicle Crash,Unsafe Lane Change,1,Three Wheeler,18-25,0,1,Moderate,"Baseline Road Borella, Colombo, Sri Lanka","Baseline Road Borella, Colombo, Sri Lanka","Baseline Rd, Colombo, Sri Lanka",6.919902,79.8776917,Rain,0.051,14.2,76.9,16.8,2024-03-31T06:09:19,2024-03-31T18:20:19,Light Rain,Good
Hulftsdorp Junction,2025-11-15,19:16,Minor Injury,Motorcycle Collision,Distracted Driving,1,Motorcycle,56+,0,3,Low,"Hulftsdorp Junction, Colombo, Sri Lanka","Hulftsdorp Junction, Colombo, Sri Lanka","Hultsdorf St, Colombo, Sri Lanka",6.9375553,79.8608161,"Rain, Partially cloudy",0.024,5.9,75.4,20.8,2025-11-15T06:01:03,2025-11-15T17:49:28,Light Rain,Moderate
Kotahena Junction,2023-07-28,14:25,Minor Injury,Motorcycle Collision,Pedestrian Negligence,2,Motorcycle; Car,56+,0,3,Low,"Kotahena Junction, Colombo, Sri Lanka","Kotahena Junction, Colombo, Sri Lanka","Kotahena St, Colombo 01300, Sri Lanka",6.9494699,79.8626776,Partially cloudy,0.0,8.2,78.6,52.9,2023-07-28T06:04:04,2023-07-28T18:30:22,Partially Cloudy,Good
Mattakkuliya Junction,2025-10-26,12:31,Minor Injury,Head-on Collision,Distracted Driving,1,Three Wheeler,36-45,0,1,Low,"Mattakkuliya Junction, Colombo, Sri Lanka","Mattakkuliya Junction, Colombo, Sri Lanka","Mattakkuliya Brg, Colombo, Sri Lanka",6.9805611,79.875318,Partially cloudy,0.016,7.0,83.4,35.9,2025-10-26T05:57:21,2025-10-26T17:51:52,Partially Cloudy,Good
Kotahena Junction,2023-11-19,20:57,Minor Injury,Multi-vehicle Collision,Poor Visibility,4,Lorry; Three Wheeler; Motorcycle; Van,56+,0,4,Moderate,"Kotahena Junction, Colombo, Sri Lanka","Kotahena Junction, Colombo, Sri Lanka","Kotahena St, Colombo 01300, Sri Lanka",6.9494699,79.8626776,"Rain, Partially cloudy",1.567,7.6,90.5,55.3,2023-11-19T06:02:10,2023-11-19T17:49:42,Light Rain,Good
Borella Junction,2024-06-13,12:33,Serious Injury,Rear-end Collision,Driver Fatigue,3,Motorcycle; Car; Lorry,18-25,0,2,High,"Borella Junction, Colombo, Sri Lanka","Borella Junction, Colombo, Sri Lanka","18 Dr NM Perera Mawatha Rd, Colombo 00800, Sri Lanka",6.9139525,79.878481,"Rain, Partially cloudy",0.021,7.3,80.6,73.4,2024-06-13T05:55:16,2024-06-13T18:26:29,Light Rain,Good
Borella Junction,2022-12-10,01:32,Minor Injury,Motorcycle Collision,Driver Fatigue,2,Motorcycle; Three Wheeler,46-55,0,2,Low,"Borella Junction, Colombo, Sri Lanka","Borella Junction, Colombo, Sri Lanka","18 Dr NM Perera Mawatha Rd, Colombo 00800, Sri Lanka",6.9139525,79.878481,"Rain, Partially cloudy",1.08,6.7,87.2,39.5,2022-12-10T06:11:29,2022-12-10T17:55:16,Light Rain,Good