Location,Date of Accident,Time of Accident,Accident Severity,Collision Type,Cause of Accident,Number of Vehicles,Vehicle Types,Driver Age Group,Number of Fatalities,Number of Injuries,Property Damage Level,location_standardized,location_name,formatted_address,latitude,longitude,conditions,precip,visibility,humidity,cloudcover,sunrise,sunset,weather_condition_label,visibility_level
High Level Road Kirulapone,2025-01-13,11:35,Minor Injury,Head-on Collision,Overspeeding,2,Motorcycle; Car,18-25,0,4,Low,"High Level Road Kirulapone, Colombo, Sri Lanka","High Level Road Kirulapone, Colombo, Sri Lanka","High Level Rd, Colombo, Sri Lanka",6.8775584,79.8793098,Partially cloudy,0.002,6.6,79.4,51.7,2025-01-13T06:26:45,2025-01-13T18:12:08,Partially Cloudy,Good
Slave Island Junction,2025-05-08,09:55,Minor Injury,Multi-vehicle Collision,Driver Fatigue,2,Car; Three Wheeler,26-35,0,3,High,"Slave Island Junction, Colombo, Sri Lanka","Slave Island Junction, Colombo, Sri Lanka","Kompannavidiya Flyover, Colombo, Sri Lanka",6.9266493,79.8483123,"Rain, Partially cloudy",0.256,6.0,90.4,78.3,2025-05-08T05:55:09,2025-05-08T18:19:23,Light Rain,Moderate
Dehiwela Junction,2023-03-23,18:53,Serious Injury,Pedestrian Collision,Overspeeding,2,Motorcycle; Lorry,36-45,0,2,High,"Dehiwela Junction, Colombo, Sri Lanka","Dehiwela Junction, Colombo, Sri Lanka","Dehiwala Junction, Galle Rd, Dehiwala-Mount Lavinia, Sri Lanka",6.851808600000001,79.8658258,"Rain, Partially cloudy",1.559,7.9,82.7,69.1,2023-03-23T06:13:37,2023-03-23T18:21:15,Light Rain,Good
Galle Road Wellawatte,2024-01-27,02:11,Minor Injury,Rear-end Collision,Driver Negligence,1,Motorcycle,26-35,0,4,Moderate,"Galle Road Wellawatte, Colombo, Sri Lanka","Galle Road Wellawatte, Colombo, Sri Lanka","Galle Rd, Colombo, Sri Lanka",6.8755051,79.861039,Clear,0.0,7.6,72.0,18.3,2024-01-27T06:29:09,2024-01-27T18:17:33,Clear,Good
Maradana Junction,2024-10-26,08:55,Minor Injury,Side-impact Collision,Distracted Driving,1,Three Wheeler,46-55,0,3,High,"Maradana Junction, Colombo, Sri Lanka","Maradana Junction, Colombo, Sri Lanka","Maradana Junction, Colombo 01000, Sri Lanka",6.928874,79.8637428,Partially cloudy,0.0,5.7,87.6,68.2,2024-10-26T05:57:22,2024-10-26T17:51:47,Partially Cloudy,Moderate
Bambalapitiya Junction,2023-09-21,11:28,Minor Injury,Rear-end Collision,Drunk Driving,1,Three Wheeler,26-35,0,1,High,"Bambalapitiya Junction, Colombo, Sri Lanka","Bambalapitiya Junction, Colombo, Sri Lanka","Bambalapitiya, Colombo 00500, Sri Lanka",6.8894192,79.8575468,"Rain, Partially cloudy",0.597,8.1,84.4,53.5,2023-09-21T06:00:12,2023-09-21T18:07:40,Light Rain,Good
Borella Junction,2023-05-24,17:03,Minor Injury,Side-impact Collision,Overspeeding,1,Van,26-35,0,3,Low,"Borella Junction, Colombo, Sri Lanka","Borella Junction, Colombo, Sri Lanka","18 Dr NM Perera Mawatha Rd, Colombo 00800, Sri Lanka",6.9139525,79.878481,Partially cloudy,0.0,8.2,80.3,36.9,2023-05-24T05:53:25,2023-05-24T18:21:40,Partially Cloudy,Good
Messenger Street Pettah,2023-11-29,18:14,Minor Injury,Side-impact Collision,Driver Negligence,2,Three Wheeler; Van,56+,0,1,Moderate,"Messenger Street Pettah, Colombo, Sri Lanka","Messenger Street Pettah, Colombo, Sri Lanka","M. J. M. Lafeer Mawatha, Colombo, Sri Lanka",6.9411356,79.8629811,"Rain, Partially cloudy",2.525,7.4,88.1,63.6,2023-11-29T06:06:07,2023-11-29T17:51:30,Light Rain,Good
Sir Chittampalam A Gardiner Mawatha Fort,2022-04-18,09:46,Minor Injury,Motorcycle Collision,Reckless Driving,3,Motorcycle; Car; Bicycle,46-55,0,2,Low,"Sir Chittampalam A Gardiner Mawatha Fort, Colombo, Sri Lanka","Sir Chittampalam A Gardiner Mawatha Fort, Colombo, Sri Lanka","Sir Chittampalam A Gardiner Mawath, Colombo, Sri Lanka",6.9298377,79.8477933,Partially cloudy,0.0,8.2,82.1,21.6,2022-04-18T06:01:23,2022-04-18T18:18:52,Partially Cloudy,Good
Wellawatte Junction,2024-03-15,17:25,Minor Injury,Rear-end Collision,Reckless Driving,2,Motorcycle; Van,46-55,0,4,Low,"Wellawatte Junction, Colombo, Sri Lanka","Wellawatte Junction, Colombo, Sri Lanka","Wellawatte, Colombo 00600, Sri Lanka",6.874092099999999,79.8604934,Partially cloudy,0.0,5.5,78.2,29.2,2024-03-15T06:17:08,2024-03-15T18:22:00,Partially Cloudy,Moderate
High Level Road Kirulapone,2023-07-11,14:26,Minor Injury,Rear-end Collision,Distracted Driving,1,Van,36-45,0,3,Low,"High Level Road Kirulapone, Colombo, Sri Lanka","High Level Road Kirulapone, Colombo, Sri Lanka","High Level Rd, Colombo, Sri Lanka",6.8775584,79.8793098,Partially cloudy,0.005,7.9,83.9,80.8,2023-07-11T06:01:14,2023-07-11T18:31:06,Partially Cloudy,Good
Galle Road Fort,2023-08-02,08:28,Fatal,Multi-vehicle Collision,Distracted Driving,3,Motorcycle; Car; Three Wheeler,18-25,1,4,High,"Galle Road Fort, Colombo, Sri Lanka","Galle Road Fort, Colombo, Sri Lanka","Galle Buck Rd, Colombo, Sri Lanka",6.9363912,79.8415204,Partially cloudy,0.0,7.6,80.3,62.4,2023-08-02T06:04:32,2023-08-02T18:29:27,Partially Cloudy,Good
Justice Akbar Mawatha Slave Island,2023-05-06,10:02,Serious Injury,Multi-vehicle Collision,Driver Negligence,3,Three Wheeler; Motorcycle; Bus,56+,0,3,High,"Justice Akbar Mawatha Slave Island, Colombo, Sri Lanka","Justice Akbar Mawatha Slave Island, Colombo, Sri Lanka","Justice Akbar Mawatha, Colombo, Sri Lanka",6.9238481,79.8503668,"Rain, Partially cloudy",0.101,7.9,83.7,68.8,2023-05-06T05:55:41,2023-05-06T18:19:08,Light Rain,Good
Maradana Railway Station Area,2025-08-19,08:56,Fatal,Rear-end Collision,Reckless Driving,4,Lorry; Three Wheeler; Motorcycle; Car,18-25,2,8,Moderate,"Maradana Railway Station Area, Colombo, Sri Lanka","Maradana Railway Station Area, Colombo, Sri Lanka","Maradana Railway Station, Jayantha Weerasekara Mawatha, Colombo 01000, Sri Lanka",6.92946,79.86511000000002,Partially cloudy,0.0,7.6,79.0,41.8,2025-08-19T06:04:38,2025-08-19T18:24:01,Partially Cloudy,Good
"No. 14 Bloemendhal Road, Colombo 13",2024-02-26,14:44,Minor Injury,Multi-vehicle Collision,Driver Negligence,3,Three Wheeler; Motorcycle; Van,18-25,0,3,Low,"No. 14 Bloemendhal Road, Colombo 13, Colombo, Sri Lanka","No. 14 Bloemendhal Road, Colombo 13, Colombo, Sri Lanka","14 Bloemendhal Rd, Colombo 01300, Sri Lanka",6.943982,79.8641683,Partially cloudy,0.0,6.3,69.9,43.4,2024-02-26T06:24:42,2024-02-26T18:22:48,Partially Cloudy,Good
"No. 45 Messenger Street, Pettah, Colombo 11",2022-02-14,20:01,Minor Injury,Motorcycle Collision,Overspeeding,3,Motorcycle; Van; Bicycle,36-45,0,3,Moderate,"No. 45 Messenger Street, Pettah, Colombo 11, Colombo, Sri Lanka","No. 45 Messenger Street, Pettah, Colombo 11, Colombo, Sri Lanka","45 M. J. M. Lafeer Mawatha, Colombo, Sri Lanka",6.940548,79.8612579,Clear,0.0,7.0,75.9,19.1,2022-02-14T06:27:53,2022-02-14T18:21:56,Clear,Good
Kochchikade Junction,2025-12-12,13:47,Minor Injury,Head-on Collision,Overspeeding,1,Motorcycle,18-25,0,2,High,"Kochchikade Junction, Colombo, Sri Lanka","Kochchikade Junction, Colombo, Sri Lanka","Colombo, Sri Lanka",6.9270786,79.861243,"Rain, Partially cloudy",0.131,6.7,80.4,36.0,2025-12-12T06:12:39,2025-12-12T17:56:14,Light Rain,Good
Pettah Market Area,2024-02-20,06:04,Serious Injury,Side-impact Collision,Driver Negligence,2,Car; Motorcycle,36-45,0,2,High,"Pettah Market Area, Colombo, Sri Lanka","Pettah Market Area, Colombo, Sri Lanka","WVP3+VMM, Keyzer St, Colombo 01100, Sri Lanka",6.937201699999999,79.854187,Partially cloudy,0.0,5.8,79.1,26.2,2024-02-20T06:26:34,2024-02-20T18:22:32,Partially Cloudy,Moderate
Maradana Junction,2025-07-07,13:27,Serious Injury,Pedestrian Collision,Overspeeding,2,Motorcycle; Car,26-35,0,6,Low,"Maradana Junction, Colombo, Sri Lanka","Maradana Junction, Colombo, Sri Lanka","Maradana Junction, Colombo 01000, Sri Lanka",6.928874,79.8637428,Partially cloudy,0.0,6.7,73.5,23.3,2025-07-07T06:00:29,2025-07-07T18:30:52,Partially Cloudy,Good
Wellawatte Junction,2024-01-26,17:52,Minor Injury,Multi-vehicle Collision,Distracted Driving,3,Car; Motorcycle; Bicycle,18-25,0,4,Low,"Wellawatte Junction, Colombo, Sri Lanka","Wellawatte Junction, Colombo, Sri Lanka","Wellawatte, Colombo 00600, Sri Lanka",6.874092099999999,79.8604934,Clear,0.0,6.7,69.9,18.1,2024-01-26T06:29:04,2024-01-26T18:17:12,Clear,Good
Armour Street Junction,2022-07-30,21:49,Minor Injury,Pedestrian Collision,Driver Negligence,1,Van,26-35,0,1,Low,"Armour Street Junction, Colombo, Sri Lanka","Armour Street Junction, Colombo, Sri Lanka","Armour St, Colombo, Sri Lanka",6.9424222,79.8637618,"Rain, Partially cloudy",0.142,8.5,84.6,29.5,2022-07-30T06:04:17,2022-07-30T18:29:59,Light Rain,Good
High Level Road Kirulapone,2024-02-23,09:54,Minor Injury,Motorcycle Collision,Driver Fatigue,3,Motorcycle; Bus; Bicycle,56+,0,2,Low,"High Level Road Kirulapone, Colombo, Sri Lanka","High Level Road Kirulapone, Colombo, Sri Lanka","High Level Rd, Colombo, Sri Lanka",6.8775584,79.8793098,Partially cloudy,0.0,6.4,78.4,32.2,2024-02-23T06:25:41,2024-02-23T18:22:43,Partially Cloudy,Good
Borella Junction,2024-07-24,11:49,Serious Injury,Pedestrian Collision,Overspeeding,2,Motorcycle; Three Wheeler,46-55,0,5,High,"Borella Junction, Colombo, Sri Lanka","Borella Junction, Colombo, Sri Lanka","18 Dr NM Perera Mawatha Rd, Colombo 00800, Sri Lanka",6.9139525,79.878481,Partially cloudy,0.0,7.5,76.1,60.6,2024-07-24T06:03:41,2024-07-24T18:30:47,Partially Cloudy,Good
Sea Street Pettah,2023-06-26,20:02,Serious Injury,Multi-vehicle Collision,Overspeeding,3,Lorry; Car; Van,18-25,0,5,Low,"Sea Street Pettah, Colombo, Sri Lanka","Sea Street Pettah, Colombo, Sri Lanka","Sea St, Colombo 01300, Sri Lanka",6.9418464,79.8542501,"Rain, Partially cloudy",0.395,7.7,80.1,62.0,2023-06-26T05:57:48,2023-06-26T18:29:10,Light Rain,Good
High Level Road Kirulapone,2024-06-23,19:53,Serious Injury,Head-on Collision,Failure to Yield,2,Van; Three Wheeler,26-35,0,5,High,"High Level Road Kirulapone, Colombo, Sri Lanka","High Level Road Kirulapone, Colombo, Sri Lanka","High Level Rd, Colombo, Sri Lanka",6.8775584,79.8793098,"Rain, Partially cloudy",0.257,7.1,75.3,66.7,2024-06-23T05:57:19,2024-06-23T18:28:44,Light Rain,Good
Maradana Junction,2025-05-11,09:34,Minor Injury,Side-impact Collision,Overspeeding,2,Car; Motorcycle,18-25,0,2,Moderate,"Maradana Junction, Colombo, Sri Lanka","Maradana Junction, Colombo, Sri Lanka","Maradana Junction, Colombo 01000, Sri Lanka",6.928874,79.8637428,"Rain, Partially cloudy",0.054,7.5,69.2,30.1,2025-05-11T05:54:36,2025-05-11T18:19:42,Light Rain,Good
Darley Road Cinnamon Gardens,2025-12-21,19:44,Minor Injury,Multi-vehicle Collision,Distracted Driving,4,Motorcycle; Van; Three Wheeler; Bicycle,56+,0,4,Low,"Darley Road Cinnamon Gardens, Colombo, Sri Lanka","Darley Road Cinnamon Gardens, Colombo, Sri Lanka","Darley Rd, Colombo, Sri Lanka",6.9228616,79.8620451,Partially cloudy,0.0,4.8,75.5,52.2,2025-12-21T06:17:13,2025-12-21T18:00:26,Partially Cloudy,Moderate
"No. 12 Buller's Road, Colombo 07",2024-06-06,10:49,Minor Injury,Rear-end Collision,Distracted Driving,4,Three Wheeler; Car; Motorcycle; Van,26-35,0,1,Moderate,"No. 12 Buller's Road, Colombo 07, Colombo, Sri Lanka","No. 12 Buller's Road, Colombo 07, Colombo, Sri Lanka","12 Bauddhaloka Mawatha, Colombo 00500, Sri Lanka",6.897968,79.86082119999999,Partially cloudy,0.001,7.6,78.8,64.6,2024-06-06T05:54:12,2024-06-06T18:24:47,Partially Cloudy,Good
Justice Akbar Mawatha Slave Island,2025-03-07,09:47,Minor Injury,Side-impact Collision,Poor Visibility,1,Car,46-55,0,2,Moderate,"Justice Akbar Mawatha Slave Island, Colombo, Sri Lanka","Justice Akbar Mawatha Slave Island, Colombo, Sri Lanka","Justice Akbar Mawatha, Colombo, Sri Lanka",6.9238481,79.8503668,Clear,0.0,6.2,73.5,15.0,2025-03-07T06:20:54,2025-03-07T18:22:37,Clear,Good
"Junction of Galle Road and Rawathawatte Road, Moratuwa",2022-01-16,09:18,Minor Injury,Motorcycle Collision,Driver Negligence,2,Motorcycle; Car,18-25,0,2,Moderate,"Junction of Galle Road and Rawathawatte Road, Moratuwa, Colombo, Sri Lanka","Junction of Galle Road and Rawathawatte Road, Moratuwa, Colombo, Sri Lanka","Rawatawatta Rd & Galle Rd, Moratuwa 10400, Sri Lanka",6.7930714,79.8871145,Rain,0.15,7.5,81.1,16.9,2022-01-16T06:27:26,2022-01-16T18:13:21,Light Rain,Good
Havelock Road Havelock Town,2024-01-21,04:27,Serious Injury,Rear-end Collision,Failure to Yield,4,Motorcycle; Car; Bus; Bicycle,46-55,0,2,High,"Havelock Road Havelock Town, Colombo, Sri Lanka","Havelock Road Havelock Town, Colombo, Sri Lanka","Havelock Rd, Colombo 00500, Sri Lanka",6.8903417,79.8638234,Partially cloudy,0.0,6.6,77.2,43.9,2024-01-21T06:28:23,2024-01-21T18:15:18,Partially Cloudy,Good
Sea Street Junction,2024-05-31,21:35,Minor Injury,Rear-end Collision,Overspeeding,2,Lorry; Three Wheeler,26-35,0,3,Low,"Sea Street Junction, Colombo, Sri Lanka","Sea Street Junction, Colombo, Sri Lanka","Sea St, Colombo 01300, Sri Lanka",6.9418464,79.8542501,Partially cloudy,0.0,6.8,79.2,85.4,2024-05-31T05:53:38,2024-05-31T18:23:21,Partially Cloudy,Good
Pamankada Junction,2025-02-23,20:14,Serious Injury,Multi-vehicle Collision,Reckless Driving,3,Three Wheeler; Motorcycle; Car,36-45,0,2,High,"Pamankada Junction, Colombo, Sri Lanka","Pamankada Junction, Colombo, Sri Lanka","Pamankada Ln, Colombo, Sri Lanka",6.8756803,79.8676529,Clear,0.0,6.5,68.4,11.0,2025-02-23T06:25:27,2025-02-23T18:22:45,Clear,Good
Bambalapitiya Junction,2025-04-14,01:40,Minor Injury,Rear-end Collision,Distracted Driving,1,Car,46-55,0,3,Low,"Bambalapitiya Junction, Colombo, Sri Lanka","Bambalapitiya Junction, Colombo, Sri Lanka","Bambalapitiya, Colombo 00500, Sri Lanka",6.8894192,79.8575468,"Rain, Partially cloudy",0.024,6.2,77.7,42.6,2025-04-14T06:02:58,2025-04-14T18:19:06,Light Rain,Good
Grandpass Road Colombo 14,2025-03-26,00:04,Fatal,Multi-vehicle Collision,Driver Negligence,3,Bus; Car; Motorcycle,26-35,2,6,High,"Grandpass Road Colombo 14, Colombo, Sri Lanka","Grandpass Road Colombo 14, Colombo, Sri Lanka","Grandpass Rd, Colombo, Sri Lanka",6.9434634,79.8691086,"Rain, Partially cloudy",0.071,7.8,73.9,35.5,2025-03-26T06:11:55,2025-03-26T18:20:54,Light Rain,Good
Sir Chittampalam A Gardiner Mawatha Fort,2025-08-17,14:57,Minor Injury,Side-impact Collision,Driver Negligence,2,Motorcycle; Three Wheeler,46-55,0,2,Low,"Sir Chittampalam A Gardiner Mawatha Fort, Colombo, Sri Lanka","Sir Chittampalam A Gardiner Mawatha Fort, Colombo, Sri Lanka","Sir Chittampalam A Gardiner Mawath, Colombo, Sri Lanka",6.9298377,79.8477933,"Rain, Partially cloudy",0.082,7.0,84.0,64.6,2025-08-17T06:04:44,2025-08-17T18:24:48,Light Rain,Good
Pettah Clock Tower Area,2025-06-05,09:46,Serious Injury,Rear-end Collision,Reckless Driving,1,Bicycle,36-45,0,4,High,"Pettah Clock Tower Area, Colombo, Sri Lanka","Pettah Clock Tower Area, Colombo, Sri Lanka","Pettah, Colombo, Sri Lanka",6.9367858,79.8525385,Partially cloudy,0.008,7.3,74.7,26.8,2025-06-05T05:54:04,2025-06-05T18:24:29,Partially Cloudy,Good
Galle Road Kollupitiya,2022-09-02,20:21,Minor Injury,Single Vehicle Crash,Unsafe Lane Change,1,Three Wheeler,36-45,0,4,High,"Galle Road Kollupitiya, Colombo, Sri Lanka","Galle Road Kollupitiya, Colombo, Sri Lanka","Galle Rd, Colombo, Sri Lanka",6.9037968,79.8521362,"Rain, Partially cloudy",0.04,8.1,83.2,25.0,2022-09-02T06:03:11,2022-09-02T18:17:41,Light Rain,Good
Panchikawatte,2025-02-28,04:31,Serious Injury,Motorcycle Collision,Failure to Yield,2,Motorcycle; Bicycle,26-35,0,4,High,"Panchikawatte, Colombo, Sri Lanka","Panchikawatte, Colombo, Sri Lanka","Panchikawatta, Colombo 01000, Sri Lanka",6.9309682,79.8639835,"Rain, Partially cloudy",0.011,8.6,81.9,35.6,2025-02-28T06:23:43,2025-02-28T18:22:50,Light Rain,Good
Kollupitiya Flyover Approach,2025-10-03,08:18,Minor Injury,Rear-end Collision,Driver Negligence,2,Motorcycle; Van,36-45,0,2,Low,"Kollupitiya Flyover Approach, Colombo, Sri Lanka","Kollupitiya Flyover Approach, Colombo, Sri Lanka","Kollupitiya, Colombo, Sri Lanka",6.912815399999999,79.8506815,Rain,0.044,6.9,71.5,18.2,2025-10-03T05:58:20,2025-10-03T18:01:06,Light Rain,Good
Messenger Street Pettah,2022-03-29,21:07,Minor Injury,Motorcycle Collision,Distracted Driving,1,Motorcycle,36-45,0,1,Low,"Messenger Street Pettah, Colombo, Sri Lanka","Messenger Street Pettah, Colombo, Sri Lanka","M. J. M. Lafeer Mawatha, Colombo, Sri Lanka",6.9411356,79.8629811,Partially cloudy,0.0,6.3,86.5,20.2,2022-03-29T06:10:32,2022-03-29T18:20:34,Partially Cloudy,Good
Messenger Street Pettah,2023-01-12,17:25,Serious Injury,Rear-end Collision,Overspeeding,1,Three Wheeler,36-45,0,5,High,"Messenger Street Pettah, Colombo, Sri Lanka","Messenger Street Pettah, Colombo, Sri Lanka","M. J. M. Lafeer Mawatha, Colombo, Sri Lanka",6.9411356,79.8629811,Partially cloudy,0.0,7.8,67.9,36.7,2023-01-12T06:26:17,2023-01-12T18:11:25,Partially Cloudy,Good
Slave Island Junction,2023-10-04,08:36,Minor Injury,Single Vehicle Crash,Pedestrian Negligence,1,Three Wheeler,46-55,0,1,Low,"Slave Island Junction, Colombo, Sri Lanka","Slave Island Junction, Colombo, Sri Lanka","Kompannavidiya Flyover, Colombo, Sri Lanka",6.9266493,79.8483123,"Rain, Partially cloudy",6.919,6.7,92.3,78.5,2023-10-04T05:58:15,2023-10-04T18:00:50,Heavy Rain,Good
Messenger Street Pettah,2022-11-20,12:57,Minor Injury,Pedestrian Collision,Unsafe Lane Change,1,Car,26-35,0,1,Moderate,"Messenger Street Pettah, Colombo, Sri Lanka","Messenger Street Pettah, Colombo, Sri Lanka","M. J. M. Lafeer Mawatha, Colombo, Sri Lanka",6.9411356,79.8629811,Partially cloudy,0.0,6.9,80.3,20.4,2022-11-20T06:02:36,2022-11-20T17:49:49,Partially Cloudy,Good
"No. 34 Baseline Road, Kolonnawa",2023-01-31,19:02,Serious Injury,Side-impact Collision,Unsafe Lane Change,1,Bicycle,26-35,0,3,High,"No. 34 Baseline Road, Kolonnawa, Colombo, Sri Lanka","No. 34 Baseline Road, Kolonnawa, Colombo, Sri Lanka","34 Baseline Rd, Colombo 00800, Sri Lanka",6.9150029,79.87768919999999,"Rain, Partially cloudy",0.243,7.4,88.3,61.8,2023-01-31T06:29:20,2023-01-31T18:18:54,Light Rain,Good
Darley Road Cinnamon Gardens,2023-09-28,07:13,Minor Injury,Rear-end Collision,Reckless Driving,3,Motorcycle; Three Wheeler; Van,56+,0,2,Low,"Darley Road Cinnamon Gardens, Colombo, Sri Lanka","Darley Road Cinnamon Gardens, Colombo, Sri Lanka","Darley Rd, Colombo, Sri Lanka",6.9228616,79.8620451,"Rain, Partially cloudy",1.588,7.9,88.2,74.2,2023-09-28T05:59:05,2023-09-28T18:03:55,Light Rain,Good
Duplication Road Bambalapitiya,2024-07-05,11:55,Serious Injury,Motorcycle Collision,Pedestrian Negligence,3,Motorcycle; Three Wheeler; Van,36-45,0,3,High,"Duplication Road Bambalapitiya, Colombo, Sri Lanka","Duplication Road Bambalapitiya, Colombo, Sri Lanka","450 E R. A. De Mel Mawatha, Colombo 00200, Sri Lanka",6.9024028,79.8545389,"Rain, Partially cloudy",0.967,7.4,86.1,82.2,2024-07-05T06:00:05,2024-07-05T18:30:41,Light Rain,Good
Liberty Plaza Area,2024-01-23,17:35,Minor Injury,Multi-vehicle Collision,Overspeeding,4,Lorry; Motorcycle; Bicycle; Bus,18-25,0,4,Low,"Liberty Plaza Area, Colombo, Sri Lanka","Liberty Plaza Area, Colombo, Sri Lanka","300 Srimath Anagarika Dharmapala Mawatha, Colombo 00300, Sri Lanka",6.9118996,79.85130869999999,Partially cloudy,0.0,7.7,70.5,26.6,2024-01-23T06:28:42,2024-01-23T18:16:05,Partially Cloudy,Good
Mattakkuliya Junction,2022-04-08,08:57,Minor Injury,Pedestrian Collision,Overspeeding,1,Motorcycle,18-25,0,2,Low,"Mattakkuliya Junction, Colombo, Sri Lanka","Mattakkuliya Junction, Colombo, Sri Lanka","Mattakkuliya Brg, Colombo, Sri Lanka",6.9805611,79.875318,"Rain, Partially cloudy",2.96,6.9,95.5,34.9,2022-04-08T06:05:44,2022-04-08T18:19:33,Light Rain,Good
Dematagoda Junction,2024-06-18,14:18,Serious Injury,Single Vehicle Crash,Overspeeding,1,Three Wheeler,18-25,0,6,High,"Dematagoda Junction, Colombo, Sri Lanka","Dematagoda Junction, Colombo, Sri Lanka","Dematagoda Pl, Colombo, Sri Lanka",6.9293231,79.8764195,"Rain, Partially cloudy",0.196,7.2,80.1,57.4,2024-06-18T05:56:14,2024-06-18T18:27:39,Light Rain,Good
Bambalapitiya Junction,2024-01-20,18:33,Minor Injury,Motorcycle Collision,Driver Negligence,2,Motorcycle; Lorry,36-45,0,2,Moderate,"Bambalapitiya Junction, Colombo, Sri Lanka","Bambalapitiya Junction, Colombo, Sri Lanka","Bambalapitiya, Colombo 00500, Sri Lanka",6.8894192,79.8575468,"Rain, Partially cloudy",0.493,6.2,85.4,63.4,2024-01-20T06:28:12,2024-01-20T18:14:53,Light Rain,Good
Fort Railway Station Area,2024-03-20,21:48,Serious Injury,Single Vehicle Crash,Distracted Driving,1,Three Wheeler,18-25,0,2,High,"Fort Railway Station Area, Colombo, Sri Lanka","Fort Railway Station Area, Colombo, Sri Lanka","Fort Railway station, Colombo, Sri Lanka",6.9337011,79.85003019999999,Partially cloudy,0.004,7.1,74.0,42.8,2024-03-20T06:14:44,2024-03-20T18:21:30,Partially Cloudy,Good
Colombo Fort Bus Stand Area,2024-02-13,03:49,Serious Injury,Rear-end Collision,Failure to Yield,3,Three Wheeler; Motorcycle; Car,18-25,0,6,High,"Colombo Fort Bus Stand Area, Colombo, Sri Lanka","Colombo Fort Bus Stand Area, Colombo, Sri Lanka","WVM4+6G8 Bastian Mawatha Bus Station, Olcott Mawatha, Colombo, Sri Lanka",6.932847,79.856589,Partially cloudy,0.0,6.0,73.3,45.1,2024-02-13T06:28:12,2024-02-13T18:21:45,Partially Cloudy,Moderate
Justice Akbar Mawatha Slave Island,2024-07-10,00:11,Minor Injury,Rear-end Collision,Poor Visibility,2,Car; Three Wheeler,18-25,0,4,Low,"Justice Akbar Mawatha Slave Island, Colombo, Sri Lanka","Justice Akbar Mawatha Slave Island, Colombo, Sri Lanka","Justice Akbar Mawatha, Colombo, Sri Lanka",6.9238481,79.8503668,"Rain, Partially cloudy",0.329,7.6,81.7,54.6,2024-07-10T06:01:11,2024-07-10T18:31:06,Light Rain,Good
"Junction of Kolonnawa Road and Wellampitiya Road, Wellampitiya",2025-01-10,22:22,Fatal,Pedestrian Collision,Overspeeding,2,Three Wheeler; Car,18-25,1,1,Moderate,"Junction of Kolonnawa Road and Wellampitiya Road, Wellampitiya, Colombo, Sri Lanka","Junction of Kolonnawa Road and Wellampitiya Road, Wellampitiya, Colombo, Sri Lanka","Kolonnawa Rd, Sri Lanka",6.9324687,79.8915123,Partially cloudy,0.0,7.0,78.6,54.5,2025-01-10T06:25:50,2025-01-10T18:10:43,Partially Cloudy,Good
Modara Junction,2024-07-27,19:45,Serious Injury,Pedestrian Collision,Reckless Driving,1,Lorry,46-55,0,3,High,"Modara Junction, Colombo, Sri Lanka","Modara Junction, Colombo, Sri Lanka","Modara, Colombo, Sri Lanka",6.9669247,79.8711533,Partially cloudy,0.0,6.9,76.1,42.6,2024-07-27T06:04:03,2024-07-27T18:30:24,Partially Cloudy,Good
Marine Drive Kollupitiya,2023-04-11,09:56,Minor Injury,Single Vehicle Crash,Overspeeding,1,Van,26-35,0,1,High,"Marine Drive Kollupitiya, Colombo, Sri Lanka","Marine Drive Kollupitiya, Colombo, Sri Lanka","Marine Drive, Colombo, Sri Lanka",6.9061405,79.8497258,Partially cloudy,0.0,7.9,77.2,29.7,2023-04-11T06:04:29,2023-04-11T18:19:20,Partially Cloudy,Good
Slave Island Junction,2022-04-06,09:28,Minor Injury,Single Vehicle Crash,Driver Negligence,1,Bus,56+,0,3,High,"Slave Island Junction, Colombo, Sri Lanka","Slave Island Junction, Colombo, Sri Lanka","Kompannavidiya Flyover, Colombo, Sri Lanka",6.9266493,79.8483123,Clear,0.0,8.1,83.1,16.5,2022-04-06T06:06:40,2022-04-06T18:19:44,Clear,Good