Location,Date of Accident,Time of Accident,Accident Severity,Collision Type,Cause of Accident,Number of Vehicles,Vehicle Types,Driver Age Group,Number of Fatalities,Number of Injuries,Property Damage Level,location_standardized,location_name,formatted_address,latitude,longitude,conditions,precip,visibility,humidity,cloudcover,sunrise,sunset,weather_condition_label,visibility_level
Pettah Clock Tower Area,2025-07-14,08:24,Serious Injury,Side-impact Collision,Driver Negligence,2,Three Wheeler; Bus,56+,0,2,Moderate,"Pettah Clock Tower Area, Colombo, Sri Lanka","Pettah Clock Tower Area, Colombo, Sri Lanka","Pettah, Colombo, Sri Lanka",6.9367858,79.8525385,Partially cloudy,0.008,7.4,71.7,28.1,2025-07-14T06:01:58,2025-07-14T18:31:16,Partially Cloudy,Good
Sea Street Kotahena,2022-12-11,10:53,Minor Injury,Head-on Collision,Unsafe Lane Change,1,Three Wheeler,36-45,0,2,Moderate,"Sea Street Kotahena, Colombo, Sri Lanka","Sea Street Kotahena, Colombo, Sri Lanka","Sea St, Colombo 01300, Sri Lanka",6.9418464,79.8542501,"Rain, Partially cloudy",1.479,7.2,85.9,35.7,2022-12-11T06:11:59,2022-12-11T17:55:41,Light Rain,Good
Havelock Place Area,2025-12-24,03:35,Minor Injury,Rear-end Collision,Distracted Driving,1,Three Wheeler,26-35,0,3,Low,"Havelock Place Area, Colombo, Sri Lanka","Havelock Place Area, Colombo, Sri Lanka","Havelock Pl, Colombo 00500, Sri Lanka",6.8854515,79.8658603,Partially cloudy,0.024,7.1,74.3,28.8,2025-12-24T06:18:42,2025-12-24T18:01:56,Partially Cloudy,Good
Nawala Junction,2022-10-17,08:35,Minor Injury,Rear-end Collision,Driver Negligence,2,Van; Three Wheeler,18-25,0,2,Moderate,"Nawala Junction, Colombo, Sri Lanka","Nawala Junction, Colombo, Sri Lanka","Nawala Rd, Colombo, Sri Lanka",6.8863084,79.887159,"Rain, Partially cloudy",3.051,8.8,90.5,48.9,2022-10-17T05:57:10,2022-10-17T17:54:54,Light Rain,Good
Kollupitiya Railway Station Area,2025-04-02,16:46,Minor Injury,Motorcycle Collision,Distracted Driving,2,Motorcycle; Three Wheeler,36-45,0,3,Low,"Kollupitiya Railway Station Area, Colombo, Sri Lanka","Kollupitiya Railway Station Area, Colombo, Sri Lanka","Kollupitiya Railway Station, Colombo, Sri Lanka",6.9112629,79.8481782,Partially cloudy,0.0,6.7,72.1,23.1,2025-04-02T06:08:29,2025-04-02T18:20:08,Partially Cloudy,Good
Wellawatte Junction,2022-03-27,07:59,Minor Injury,Side-impact Collision,Driver Negligence,1,Three Wheeler,36-45,0,3,Low,"Wellawatte Junction, Colombo, Sri Lanka","Wellawatte Junction, Colombo, Sri Lanka","Wellawatte, Colombo 00600, Sri Lanka",6.874092099999999,79.8604934,Clear,0.0,6.8,83.0,18.1,2022-03-27T06:11:31,2022-03-27T18:20:47,Clear,Good
Panchikawatte,2025-01-09,01:47,Minor Injury,Side-impact Collision,Driver Negligence,1,Motorcycle,18-25,0,2,Low,"Panchikawatte, Colombo, Sri Lanka","Panchikawatte, Colombo, Sri Lanka","Panchikawatta, Colombo 01000, Sri Lanka",6.9309682,79.8639835,Partially cloudy,0.0,6.5,74.5,58.4,2025-01-09T06:25:31,2025-01-09T18:10:13,Partially Cloudy,Good
"No. 3 Justice Akbar Mawatha (Glennie Street), Colombo 02",2024-07-31,18:12,Minor Injury,Head-on Collision,Driver Negligence,1,Motorcycle,18-25,0,2,High,"No. 3 Justice Akbar Mawatha (Glennie Street), Colombo 02, Colombo, Sri Lanka","No. 3 Justice Akbar Mawatha (Glennie Street), Colombo 02, Colombo, Sri Lanka","no. 3, 3 Justice Akbar Mawatha, Colombo 00200, Sri Lanka",6.9238433,79.84867090000002,"Rain, Partially cloudy",0.52,7.3,77.0,60.8,2024-07-31T06:04:27,2024-07-31T18:29:43,Light Rain,Good
Main Street Pettah,2025-07-08,18:08,Fatal,Rear-end Collision,Overspeeding,2,Motorcycle; Car,26-35,1,4,High,"Main Street Pettah, Colombo, Sri Lanka","Main Street Pettah, Colombo, Sri Lanka","Main St, Colombo, Sri Lanka",6.9374659,79.8507335,Partially cloudy,0.0,7.5,70.6,25.9,2025-07-08T06:00:43,2025-07-08T18:30:57,Partially Cloudy,Good
Sir Chittampalam A Gardiner Mawatha Fort,2022-12-14,18:30,Serious Injury,Rear-end Collision,Distracted Driving,2,Three Wheeler; Motorcycle,56+,0,2,High,"Sir Chittampalam A Gardiner Mawatha Fort, Colombo, Sri Lanka","Sir Chittampalam A Gardiner Mawatha Fort, Colombo, Sri Lanka","Sir Chittampalam A Gardiner Mawath, Colombo, Sri Lanka",6.9298377,79.8477933,"Rain, Partially cloudy",0.599,7.8,79.7,22.6,2022-12-14T06:13:31,2022-12-14T17:56:58,Light Rain,Good
Galle Road Wellawatte,2024-12-20,06:40,Fatal,Side-impact Collision,Distracted Driving,3,Motorcycle; Three Wheeler; Bus,26-35,1,4,High,"Galle Road Wellawatte, Colombo, Sri Lanka","Galle Road Wellawatte, Colombo, Sri Lanka","Galle Rd, Colombo, Sri Lanka",6.8755051,79.861039,"Rain, Partially cloudy",0.022,6.9,83.5,46.9,2024-12-20T06:16:50,2024-12-20T18:00:03,Light Rain,Good
Kaduwela Junction,2024-04-16,09:09,Minor Injury,Pedestrian Collision,Driver Negligence,2,Motorcycle; Three Wheeler,36-45,0,2,Low,"Kaduwela Junction, Colombo, Sri Lanka","Kaduwela Junction, Colombo, Sri Lanka","WXPM+7MH, Kaduwela, Sri Lanka",6.9356887,79.9842292,Partially cloudy,0.0,6.2,82.4,40.0,2024-04-16T06:02:01,2024-04-16T18:18:58,Partially Cloudy,Good
Armour Street Junction,2022-08-24,12:43,Minor Injury,Motorcycle Collision,Driver Negligence,2,Motorcycle; Bicycle,56+,0,3,Moderate,"Armour Street Junction, Colombo, Sri Lanka","Armour Street Junction, Colombo, Sri Lanka","Armour St, Colombo, Sri Lanka",6.9424222,79.8637618,Partially cloudy,0.001,8.1,76.8,30.3,2022-08-24T06:04:14,2022-08-24T18:21:58,Partially Cloudy,Good
Hulftsdorp Junction,2025-03-23,23:21,Minor Injury,Rear-end Collision,Driver Negligence,3,Three Wheeler; Motorcycle; Van,18-25,0,2,Low,"Hulftsdorp Junction, Colombo, Sri Lanka","Hulftsdorp Junction, Colombo, Sri Lanka","Hultsdorf St, Colombo, Sri Lanka",6.9375553,79.8608161,"Rain, Partially cloudy",0.493,7.0,75.0,21.7,2025-03-23T06:13:23,2025-03-23T18:21:13,Light Rain,Good
Dematagoda Junction,2024-11-02,08:01,Minor Injury,Rear-end Collision,Mechanical Failure,1,Three Wheeler,46-55,0,3,Moderate,"Dematagoda Junction, Colombo, Sri Lanka","Dematagoda Junction, Colombo, Sri Lanka","Dematagoda Pl, Colombo, Sri Lanka",6.9293231,79.8764195,Partially cloudy,0.0,6.0,87.6,65.5,2024-11-02T05:58:08,2024-11-02T17:50:16,Partially Cloudy,Moderate
Kochchikade Junction,2024-03-16,05:50,Minor Injury,Head-on Collision,Distracted Driving,1,Three Wheeler,36-45,0,3,Low,"Kochchikade Junction, Colombo, Sri Lanka","Kochchikade Junction, Colombo, Sri Lanka","Colombo, Sri Lanka",6.9270786,79.861243,Partially cloudy,0.0,6.0,73.8,32.6,2024-03-16T06:16:40,2024-03-16T18:21:54,Partially Cloudy,Moderate
Kirulapone Avenue,2024-04-22,09:29,Minor Injury,Side-impact Collision,Reckless Driving,1,Three Wheeler,26-35,0,1,Moderate,"Kirulapone Avenue, Colombo, Sri Lanka","Kirulapone Avenue, Colombo, Sri Lanka","Kirulapone Ave, Colombo 00500, Sri Lanka",6.8809572,79.8748929,Partially cloudy,0.0,5.8,83.5,57.5,2024-04-22T05:59:40,2024-04-22T18:18:46,Partially Cloudy,Moderate
Messenger Street Pettah,2023-06-24,08:42,Minor Injury,Single Vehicle Crash,Driver Negligence,1,Motorcycle,26-35,0,2,Low,"Messenger Street Pettah, Colombo, Sri Lanka","Messenger Street Pettah, Colombo, Sri Lanka","M. J. M. Lafeer Mawatha, Colombo, Sri Lanka",6.9411356,79.8629811,Partially cloudy,0.008,8.1,80.5,59.1,2023-06-24T05:57:21,2023-06-24T18:28:46,Partially Cloudy,Good
"Junction of Cotta Road and Bauddhaloka Mawatha, Colombo 08",2023-07-02,09:15,Minor Injury,Motorcycle Collision,Driver Negligence,2,Motorcycle; Three Wheeler,36-45,0,3,Moderate,"Junction of Cotta Road and Bauddhaloka Mawatha, Colombo 08, Colombo, Sri Lanka","Junction of Cotta Road and Bauddhaloka Mawatha, Colombo 08, Colombo, Sri Lanka","18 Dr NM Perera Mawatha Rd, Colombo 00800, Sri Lanka",6.9139525,79.878481,"Rain, Partially cloudy",0.469,7.8,84.0,79.4,2023-07-02T05:59:12,2023-07-02T18:30:11,Light Rain,Good
Grandpass Junction,2024-09-19,13:45,Minor Injury,Side-impact Collision,Reckless Driving,3,Motorcycle; Car; Three Wheeler,36-45,0,1,Low,"Grandpass Junction, Colombo, Sri Lanka","Grandpass Junction, Colombo, Sri Lanka","Grandpass Rd, Colombo, Sri Lanka",6.9432514,79.8685531,Partially cloudy,0.0,6.2,78.6,51.2,2024-09-19T06:00:25,2024-09-19T18:08:21,Partially Cloudy,Good
Bauddhaloka Mawatha Havelock Town,2022-10-23,10:19,Minor Injury,Motorcycle Collision,Driver Fatigue,4,Motorcycle; Van; Bus; Three Wheeler,18-25,0,1,Moderate,"Bauddhaloka Mawatha Havelock Town, Colombo, Sri Lanka","Bauddhaloka Mawatha Havelock Town, Colombo, Sri Lanka","Bauddhaloka Mawatha, Colombo, Sri Lanka",6.897011,79.8598172,"Rain, Partially cloudy",3.191,6.2,92.3,33.4,2022-10-23T05:57:10,2022-10-23T17:52:48,Light Rain,Good
Kotahena Junction,2023-03-27,21:13,Minor Injury,Pedestrian Collision,Overspeeding,1,Motorcycle,26-35,0,1,Moderate,"Kotahena Junction, Colombo, Sri Lanka","Kotahena Junction, Colombo, Sri Lanka","Kotahena St, Colombo 01300, Sri Lanka",6.9494699,79.8626776,Partially cloudy,0.002,8.5,81.2,35.1,2023-03-27T06:11:39,2023-03-27T18:20:49,Partially Cloudy,Good
Maradana Railway Station Area,2025-05-19,08:01,Serious Injury,Side-impact Collision,Driver Fatigue,4,Three Wheeler; Motorcycle; Lorry; Bicycle,26-35,0,3,High,"Maradana Railway Station Area, Colombo, Sri Lanka","Maradana Railway Station Area, Colombo, Sri Lanka","Maradana Railway Station, Jayantha Weerasekara Mawatha, Colombo 01000, Sri Lanka",6.92946,79.86511000000002,"Rain, Partially cloudy",0.437,7.3,81.5,34.5,2025-05-19T05:53:39,2025-05-19T18:20:52,Light Rain,Good
Slave Island Junction,2024-11-11,19:50,Minor Injury,Pedestrian Collision,Pedestrian Negligence,2,Motorcycle; Three Wheeler,26-35,0,2,Moderate,"Slave Island Junction, Colombo, Sri Lanka","Slave Island Junction, Colombo, Sri Lanka","Kompannavidiya Flyover, Colombo, Sri Lanka",6.9266493,79.8483123,Partially cloudy,0.0,6.0,80.3,33.5,2024-11-11T05:59:59,2024-11-11T17:49:25,Partially Cloudy,Moderate
Wellampitiya Junction,2023-01-03,11:29,Fatal,Motorcycle Collision,Pedestrian Negligence,2,Motorcycle; Bicycle,18-25,1,5,Moderate,"Wellampitiya Junction, Colombo, Sri Lanka","Wellampitiya Junction, Colombo, Sri Lanka","Wellampitiya, Sri Lanka",6.942428199999999,79.9045771,Partially cloudy,0.0,8.1,67.1,27.4,2023-01-03T06:23:04,2023-01-03T18:06:55,Partially Cloudy,Good
Messenger Street Pettah,2025-09-07,14:56,Minor Injury,Head-on Collision,Driver Negligence,3,Three Wheeler; Motorcycle; Van,36-45,0,4,Moderate,"Messenger Street Pettah, Colombo, Sri Lanka","Messenger Street Pettah, Colombo, Sri Lanka","M. J. M. Lafeer Mawatha, Colombo, Sri Lanka",6.9411356,79.8629811,Partially cloudy,0.036,7.2,69.9,26.3,2025-09-07T06:02:27,2025-09-07T18:14:59,Partially Cloudy,Good
Pettah Market Area,2023-01-31,22:52,Minor Injury,Rear-end Collision,Overspeeding,2,Three Wheeler; Motorcycle,46-55,0,3,Low,"Pettah Market Area, Colombo, Sri Lanka","Pettah Market Area, Colombo, Sri Lanka","WVP3+VMM, Keyzer St, Colombo 01100, Sri Lanka",6.937201699999999,79.854187,"Rain, Partially cloudy",0.243,7.4,88.3,61.8,2023-01-31T06:29:20,2023-01-31T18:18:54,Light Rain,Good
Union Place,2024-11-26,16:25,Minor Injury,Side-impact Collision,Pedestrian Negligence,1,Motorcycle,26-35,0,2,High,"Union Place, Colombo, Sri Lanka","Union Place, Colombo, Sri Lanka","Union Place, Colombo, Sri Lanka",6.922958299999999,79.8523572,"Rain, Overcast",0.772,4.1,95.1,99.5,2024-11-26T06:05:10,2024-11-26T17:50:58,Light Rain,Moderate
T B Jayah Mawatha Maradana,2025-09-18,07:31,Minor Injury,Single Vehicle Crash,Poor Visibility,1,Three Wheeler,18-25,0,3,Low,"T B Jayah Mawatha Maradana, Colombo, Sri Lanka","T B Jayah Mawatha Maradana, Colombo, Sri Lanka","T. B. Jayah Mawatha, Colombo, Sri Lanka",6.9235871,79.8619082,"Rain, Partially cloudy",0.629,7.1,80.1,29.0,2025-09-18T06:00:38,2025-09-18T18:09:03,Light Rain,Good
Sea Street Junction,2025-05-01,10:09,Serious Injury,Side-impact Collision,Unsafe Lane Change,3,Motorcycle; Lorry; Three Wheeler,26-35,0,3,Moderate,"Sea Street Junction, Colombo, Sri Lanka","Sea Street Junction, Colombo, Sri Lanka","Sea St, Colombo 01300, Sri Lanka",6.9418464,79.8542501,"Rain, Partially cloudy",0.229,7.1,78.4,34.1,2025-05-01T05:56:51,2025-05-01T18:18:53,Light Rain,Good
Galle Road Mount Lavinia,2025-10-23,10:08,Minor Injury,Pedestrian Collision,Distracted Driving,1,Motorcycle,56+,0,1,Moderate,"Galle Road Mount Lavinia, Colombo, Sri Lanka","Galle Road Mount Lavinia, Colombo, Sri Lanka","Galle Rd, Dehiwala-Mount Lavinia, Sri Lanka",6.8619957,79.8639238,"Rain, Partially cloudy",0.65,7.2,87.3,52.5,2025-10-23T05:57:12,2025-10-23T17:52:44,Light Rain,Good
Union Place Borella,2023-12-26,08:12,Minor Injury,Rear-end Collision,Poor Visibility,3,Motorcycle; Van; Three Wheeler,36-45,0,1,Low,"Union Place Borella, Colombo, Sri Lanka","Union Place Borella, Colombo, Sri Lanka","Colombo 08, Colombo, Sri Lanka",6.9147836,79.8775951,Partially cloudy,0.0,6.2,75.4,47.3,2023-12-26T06:19:23,2023-12-26T18:02:40,Partially Cloudy,Good
Kochchikade Junction,2025-12-07,19:16,Serious Injury,Pedestrian Collision,Reckless Driving,1,Car,18-25,0,5,Moderate,"Kochchikade Junction, Colombo, Sri Lanka","Kochchikade Junction, Colombo, Sri Lanka","Colombo, Sri Lanka",6.9270786,79.861243,"Rain, Partially cloudy",0.43,6.9,82.7,25.7,2025-12-07T06:10:09,2025-12-07T17:54:14,Light Rain,Good
D R Wijewardena Mawatha Fort,2025-07-20,18:43,Fatal,Multi-vehicle Collision,Overspeeding,3,Three Wheeler; Car; Lorry,56+,1,3,High,"D R Wijewardena Mawatha Fort, Colombo, Sri Lanka","D R Wijewardena Mawatha Fort, Colombo, Sri Lanka","McCallum Rd, Colombo, Sri Lanka",6.9324236,79.8505139,Partially cloudy,0.0,6.9,75.2,29.6,2025-07-20T06:03:04,2025-07-20T18:31:09,Partially Cloudy,Good
Dematagoda Junction,2025-03-08,20:33,Minor Injury,Multi-vehicle Collision,Distracted Driving,4,Motorcycle; Three Wheeler; Car; Van,18-25,0,2,High,"Dematagoda Junction, Colombo, Sri Lanka","Dematagoda Junction, Colombo, Sri Lanka","Dematagoda Pl, Colombo, Sri Lanka",6.9293231,79.8764195,Clear,0.0,5.6,70.0,8.9,2025-03-08T06:20:28,2025-03-08T18:22:34,Clear,Moderate
Modara Junction,2023-03-20,08:28,Minor Injury,Side-impact Collision,Reckless Driving,1,Car,26-35,0,2,High,"Modara Junction, Colombo, Sri Lanka","Modara Junction, Colombo, Sri Lanka","Modara, Colombo, Sri Lanka",6.9669247,79.8711533,"Rain, Partially cloudy",2.833,8.0,83.5,57.6,2023-03-20T06:15:05,2023-03-20T18:21:34,Light Rain,Good
Duplication Road Bambalapitiya,2022-05-05,17:52,Minor Injury,Motorcycle Collision,Failure to Yield,2,Motorcycle; Three Wheeler,18-25,0,3,Low,"Duplication Road Bambalapitiya, Colombo, Sri Lanka","Duplication Road Bambalapitiya, Colombo, Sri Lanka","450 E R. A. De Mel Mawatha, Colombo 00200, Sri Lanka",6.9024028,79.8545389,"Rain, Partially cloudy",0.149,7.7,83.9,36.4,2022-05-05T05:55:51,2022-05-05T18:19:04,Light Rain,Good
Wellawatte Junction,2025-10-29,07:09,Minor Injury,Multi-vehicle Collision,Distracted Driving,3,Bus; Lorry; Motorcycle,26-35,0,2,Low,"Wellawatte Junction, Colombo, Sri Lanka","Wellawatte Junction, Colombo, Sri Lanka","Wellawatte, Colombo 00600, Sri Lanka",6.874092099999999,79.8604934,Partially cloudy,0.044,7.1,74.2,25.4,2025-10-29T05:57:36,2025-10-29T17:51:07,Partially Cloudy,Good
Union Place Slave Island,2024-04-25,07:15,Serious Injury,Multi-vehicle Collision,Distracted Driving,3,Motorcycle; Car; Lorry,18-25,0,6,High,"Union Place Slave Island, Colombo, Sri Lanka","Union Place Slave Island, Colombo, Sri Lanka","Union Pl, Colombo, Sri Lanka",6.9203664,79.8578057,Partially cloudy,0.0,5.9,84.4,38.3,2024-04-25T05:58:37,2024-04-25T18:18:45,Partially Cloudy,Moderate
Ingurukade Junction,2023-10-07,18:50,Minor Injury,Single Vehicle Crash,Unsafe Lane Change,1,Car,46-55,0,3,Low,"Ingurukade Junction, Colombo, Sri Lanka","Ingurukade Junction, Colombo, Sri Lanka","Inguru Kade Junction Bus Stop, Colombo, Sri Lanka",6.9503796,79.8735945,"Rain, Partially cloudy",0.579,7.5,91.4,65.0,2023-10-07T05:57:54,2023-10-07T17:59:22,Light Rain,Good
Galle Road Wellawatte,2025-02-20,09:01,Minor Injury,Motorcycle Collision,Unsafe Lane Change,4,Motorcycle; Bus; Van; Car,18-25,0,1,Moderate,"Galle Road Wellawatte, Colombo, Sri Lanka","Galle Road Wellawatte, Colombo, Sri Lanka","Galle Rd, Colombo, Sri Lanka",6.8755051,79.861039,Clear,0.0,6.0,65.2,8.8,2025-02-20T06:26:22,2025-02-20T18:22:36,Clear,Moderate
Galle Road Wellawatte,2025-06-30,07:37,Serious Injury,Rear-end Collision,Pedestrian Negligence,2,Motorcycle; Three Wheeler,36-45,0,4,High,"Galle Road Wellawatte, Colombo, Sri Lanka","Galle Road Wellawatte, Colombo, Sri Lanka","Galle Rd, Colombo, Sri Lanka",6.8755051,79.861039,Partially cloudy,0.0,7.2,73.2,29.3,2025-06-30T05:58:53,2025-06-30T18:29:59,Partially Cloudy,Good
Union Place Borella,2025-11-09,22:10,Serious Injury,Head-on Collision,Driver Negligence,1,Three Wheeler,36-45,0,5,High,"Union Place Borella, Colombo, Sri Lanka","Union Place Borella, Colombo, Sri Lanka","Colombo 08, Colombo, Sri Lanka",6.9147836,79.8775951,Partially cloudy,0.032,5.7,75.5,26.1,2025-11-09T05:59:26,2025-11-09T17:49:31,Partially Cloudy,Moderate
Hulftsdorp Junction,2025-05-22,08:25,Serious Injury,Head-on Collision,Failure to Yield,3,Three Wheeler; Motorcycle; Van,36-45,0,3,High,"Hulftsdorp Junction, Colombo, Sri Lanka","Hulftsdorp Junction, Colombo, Sri Lanka","Hultsdorf St, Colombo, Sri Lanka",6.9375553,79.8608161,Partially cloudy,0.0,7.0,75.3,37.1,2025-05-22T05:53:29,2025-05-22T18:21:24,Partially Cloudy,Good
Bauddhaloka Mawatha Cinnamon Gardens,2024-04-15,09:23,Minor Injury,Motorcycle Collision,Overspeeding,2,Motorcycle; Car,46-55,0,1,Low,"Bauddhaloka Mawatha Cinnamon Gardens, Colombo, Sri Lanka","Bauddhaloka Mawatha Cinnamon Gardens, Colombo, Sri Lanka","Bauddhaloka Mawatha, Colombo 00700, Sri Lanka",6.901932,79.8694402,"Rain, Partially cloudy",0.126,6.3,88.7,49.6,2024-04-15T06:02:26,2024-04-15T18:19:01,Light Rain,Good
"Junction of D R Wijewardena Mawatha and Norris Canal Road, Colombo 10",2024-07-19,01:53,Serious Injury,Pedestrian Collision,Unsafe Lane Change,2,Motorcycle; Car,36-45,0,6,High,"Junction of D R Wijewardena Mawatha and Norris Canal Road, Colombo 10, Colombo, Sri Lanka","Junction of D R Wijewardena Mawatha and Norris Canal Road, Colombo 10, Colombo, Sri Lanka","Norris Canal Rd, Colombo 01000, Sri Lanka",6.9210399,79.8659874,Partially cloudy,0.001,7.0,77.5,49.0,2024-07-19T06:02:55,2024-07-19T18:31:10,Partially Cloudy,Good
High Level Road Kirulapone,2025-02-27,03:54,Minor Injury,Single Vehicle Crash,Driver Negligence,1,Lorry,18-25,0,1,Low,"High Level Road Kirulapone, Colombo, Sri Lanka","High Level Road Kirulapone, Colombo, Sri Lanka","High Level Rd, Colombo, Sri Lanka",6.8775584,79.8793098,Partially cloudy,0.0,7.0,73.3,33.7,2025-02-27T06:24:05,2025-02-27T18:22:50,Partially Cloudy,Good
Fort Railway Station Area,2025-03-18,19:23,Serious Injury,Side-impact Collision,Unsafe Lane Change,2,Motorcycle; Car,18-25,0,2,High,"Fort Railway Station Area, Colombo, Sri Lanka","Fort Railway Station Area, Colombo, Sri Lanka","Fort Railway station, Colombo, Sri Lanka",6.9337011,79.85003019999999,Partially cloudy,0.0,7.3,73.4,21.7,2025-03-18T06:15:50,2025-03-18T18:21:45,Partially Cloudy,Good
Madampitiya Road,2024-05-30,16:59,Minor Injury,Rear-end Collision,Driver Negligence,4,Car; Motorcycle; Bicycle; Three Wheeler,26-35,0,1,Low,"Madampitiya Road, Colombo, Sri Lanka","Madampitiya Road, Colombo, Sri Lanka","Madampitiya Rd, Colombo, Sri Lanka",6.9624445,79.8714976,"Rain, Partially cloudy",0.106,6.8,76.3,80.7,2024-05-30T05:53:34,2024-05-30T18:23:07,Light Rain,Good
Marine Drive Kollupitiya,2024-01-17,15:02,Serious Injury,Pedestrian Collision,Distracted Driving,2,Motorcycle; Three Wheeler,56+,0,3,Moderate,"Marine Drive Kollupitiya, Colombo, Sri Lanka","Marine Drive Kollupitiya, Colombo, Sri Lanka","Marine Drive, Colombo, Sri Lanka",6.9061405,79.8497258,Partially cloudy,0.0,6.4,76.7,24.7,2024-01-17T06:27:34,2024-01-17T18:13:36,Partially Cloudy,Good
Hulftsdorp Junction,2024-02-12,17:14,Serious Injury,Pedestrian Collision,Pedestrian Negligence,2,Motorcycle; Three Wheeler,18-25,0,3,High,"Hulftsdorp Junction, Colombo, Sri Lanka","Hulftsdorp Junction, Colombo, Sri Lanka","Hultsdorf St, Colombo, Sri Lanka",6.9375553,79.8608161,Partially cloudy,0.0,6.9,67.6,35.8,2024-02-12T06:28:22,2024-02-12T18:21:36,Partially Cloudy,Good
Borella Junction,2022-03-09,00:12,Minor Injury,Side-impact Collision,Driver Negligence,1,Bicycle,36-45,0,2,Low,"Borella Junction, Colombo, Sri Lanka","Borella Junction, Colombo, Sri Lanka","18 Dr NM Perera Mawatha Rd, Colombo 00800, Sri Lanka",6.9139525,79.878481,Rain,0.05,6.9,84.5,14.4,2022-03-09T06:20:07,2022-03-09T18:22:30,Light Rain,Good
Kirulapone Junction,2024-08-21,11:24,Serious Injury,Rear-end Collision,Overspeeding,3,Van; Three Wheeler; Bicycle,56+,0,4,High,"Kirulapone Junction, Colombo, Sri Lanka","Kirulapone Junction, Colombo, Sri Lanka","VVHG+8HG, High Level Rd, Colombo 00500, Sri Lanka",6.8783033,79.8764475,"Rain, Partially cloudy",0.028,5.3,89.1,78.1,2024-08-21T06:04:28,2024-08-21T18:23:04,Light Rain,Moderate
Modara Junction,2024-11-17,16:46,Fatal,Head-on Collision,Distracted Driving,2,Three Wheeler; Motorcycle,36-45,2,4,High,"Modara Junction, Colombo, Sri Lanka","Modara Junction, Colombo, Sri Lanka","Modara, Colombo, Sri Lanka",6.9669247,79.8711533,"Rain, Partially cloudy",0.071,5.9,85.3,42.4,2024-11-17T06:01:45,2024-11-17T17:49:35,Light Rain,Moderate
Lotus Road Colombo 01,2022-10-19,11:09,Minor Injury,Side-impact Collision,Reckless Driving,2,Three Wheeler; Bicycle,18-25,0,2,Low,"Lotus Road Colombo 01, Colombo, Sri Lanka","Lotus Road Colombo 01, Colombo, Sri Lanka","Lotus Rd, Colombo, Sri Lanka",6.932894,79.8461394,"Rain, Partially cloudy",0.57,8.0,83.9,32.5,2022-10-19T05:57:08,2022-10-19T17:54:09,Light Rain,Good
Fort Railway Station Area,2023-09-02,08:19,Fatal,Multi-vehicle Collision,Reckless Driving,4,Three Wheeler; Car; Motorcycle; Van,36-45,1,3,High,"Fort Railway Station Area, Colombo, Sri Lanka","Fort Railway Station Area, Colombo, Sri Lanka","Fort Railway station, Colombo, Sri Lanka",6.9337011,79.85003019999999,"Rain, Partially cloudy",1.242,7.4,88.2,81.9,2023-09-02T06:03:14,2023-09-02T18:17:49,Light Rain,Good
Union Place Borella,2023-01-12,17:02,Serious Injury,Side-impact Collision,Distracted Driving,2,Three Wheeler; Bus,36-45,0,2,Moderate,"Union Place Borella, Colombo, Sri Lanka","Union Place Borella, Colombo, Sri Lanka","Colombo 08, Colombo, Sri Lanka",6.9147836,79.8775951,Partially cloudy,0.0,7.8,67.9,36.7,2023-01-12T06:26:17,2023-01-12T18:11:25,Partially Cloudy,Good
Second Cross Street Pettah,2023-11-04,13:11,Serious Injury,Multi-vehicle Collision,Unsafe Lane Change,4,Bicycle; Van; Car; Three Wheeler,36-45,0,4,Moderate,"Second Cross Street Pettah, Colombo, Sri Lanka","Second Cross Street Pettah, Colombo, Sri Lanka","2nd Cross Street, Colombo, Sri Lanka",6.9372138,79.8519567,"Rain, Partially cloudy",1.428,8.0,86.3,58.7,2023-11-04T05:58:19,2023-11-04T17:50:03,Light Rain,Good
Baseline Road Borella,2025-10-20,23:12,Minor Injury,Rear-end Collision,Distracted Driving,1,Motorcycle,36-45,0,1,Moderate,"Baseline Road Borella, Colombo, Sri Lanka","Baseline Road Borella, Colombo, Sri Lanka","Baseline Rd, Colombo, Sri Lanka",6.919902,79.8776917,"Rain, Partially cloudy",1.681,6.8,86.9,44.0,2025-10-20T05:57:09,2025-10-20T17:53:44,Light Rain,Good