Location,Date of Accident,Time of Accident,Accident Severity,Collision Type,Cause of Accident,Number of Vehicles,Vehicle Types,Driver Age Group,Number of Fatalities,Number of Injuries,Property Damage Level,location_standardized,location_name,formatted_address,latitude,longitude,conditions,precip,visibility,humidity,cloudcover,sunrise,sunset,weather_condition_label,visibility_level
Town Hall Area,2022-11-08,17:38,Minor Injury,Pedestrian Collision,Driver Negligence,1,Motorcycle,46-55,0,2,Low,"Town Hall Area, Colombo, Sri Lanka","Town Hall Area, Colombo, Sri Lanka","Town Hall, Colombo 01000, Sri Lanka",6.9158502,79.8637861,"Rain, Partially cloudy",0.534,8.2,85.0,37.5,2022-11-08T05:59:07,2022-11-08T17:49:34,Light Rain,Good
Madampitiya Road,2025-05-17,15:21,Minor Injury,Head-on Collision,Unsafe Lane Change,1,Van,46-55,0,3,Moderate,"Madampitiya Road, Colombo, Sri Lanka","Madampitiya Road, Colombo, Sri Lanka","Madampitiya Rd, Colombo, Sri Lanka",6.9624445,79.8714976,Partially cloudy,0.0,7.2,79.6,39.5,2025-05-17T05:53:49,2025-05-17T18:20:32,Partially Cloudy,Good
Dematagoda Junction,2025-07-19,17:27,Fatal,Side-impact Collision,Poor Visibility,2,Motorcycle; Three Wheeler,36-45,1,5,Low,"Dematagoda Junction, Colombo, Sri Lanka","Dematagoda Junction, Colombo, Sri Lanka","Dematagoda Pl, Colombo, Sri Lanka",6.9293231,79.8764195,"Rain, Partially cloudy",0.077,7.1,74.4,34.6,2025-07-19T06:02:54,2025-07-19T18:31:12,Light Rain,Good
Colombo 07 Junction,2024-10-08,07:53,Serious Injury,Side-impact Collision,Driver Negligence,1,Three Wheeler,26-35,0,2,Moderate,"Colombo 07 Junction, Colombo, Sri Lanka","Colombo 07 Junction, Colombo, Sri Lanka","Colombo 07, Colombo 00700, Sri Lanka",6.9066125,79.8596227,Partially cloudy,0.0,6.0,83.3,82.7,2024-10-08T05:57:44,2024-10-08T17:58:33,Partially Cloudy,Moderate
Pamankada Junction,2024-11-15,18:48,Minor Injury,Single Vehicle Crash,Driver Negligence,1,Three Wheeler,18-25,0,3,Low,"Pamankada Junction, Colombo, Sri Lanka","Pamankada Junction, Colombo, Sri Lanka","Pamankada Ln, Colombo, Sri Lanka",6.8756803,79.8676529,Partially cloudy,0.0,5.5,89.0,60.8,2024-11-15T06:01:07,2024-11-15T17:49:28,Partially Cloudy,Moderate
Hulftsdorp Junction,2024-09-21,08:59,Minor Injury,Motorcycle Collision,Reckless Driving,2,Motorcycle; Three Wheeler,26-35,0,2,Moderate,"Hulftsdorp Junction, Colombo, Sri Lanka","Hulftsdorp Junction, Colombo, Sri Lanka","Hultsdorf St, Colombo, Sri Lanka",6.9375553,79.8608161,Partially cloudy,0.0,6.2,75.7,53.7,2024-09-21T06:00:05,2024-09-21T18:07:16,Partially Cloudy,Good
Bambalapitiya Junction,2023-02-28,09:51,Minor Injury,Pedestrian Collision,Distracted Driving,2,Three Wheeler; Lorry,56+,0,1,Moderate,"Bambalapitiya Junction, Colombo, Sri Lanka","Bambalapitiya Junction, Colombo, Sri Lanka","Bambalapitiya, Colombo 00500, Sri Lanka",6.8894192,79.8575468,"Rain, Partially cloudy",0.069,8.1,76.5,56.2,2023-02-28T06:23:53,2023-02-28T18:22:49,Light Rain,Good
Kochchikade Junction,2025-04-08,14:45,Minor Injury,Rear-end Collision,Driver Negligence,2,Bicycle; Car,18-25,0,2,Moderate,"Kochchikade Junction, Colombo, Sri Lanka","Kochchikade Junction, Colombo, Sri Lanka","Colombo, Sri Lanka",6.9270786,79.861243,Partially cloudy,0.0,7.1,71.3,24.1,2025-04-08T06:05:38,2025-04-08T18:19:33,Partially Cloudy,Good
"Junction of Havelock Road and Jawatte Road, Colombo 05",2022-11-12,10:44,Minor Injury,Rear-end Collision,Overspeeding,1,Bus,46-55,0,2,High,"Junction of Havelock Road and Jawatte Road, Colombo 05, Colombo, Sri Lanka","Junction of Havelock Road and Jawatte Road, Colombo 05, Colombo, Sri Lanka","Jawatta Rd, Colombo, Sri Lanka",6.8953002,79.8668991,"Rain, Partially cloudy",0.242,7.4,90.2,33.0,2022-11-12T06:00:05,2022-11-12T17:49:23,Light Rain,Good
Narahenpita Junction,2022-09-02,20:30,Minor Injury,Motorcycle Collision,Reckless Driving,2,Motorcycle; Car,56+,0,3,High,"Narahenpita Junction, Colombo, Sri Lanka","Narahenpita Junction, Colombo, Sri Lanka","Narahenpita, Colombo 00500, Sri Lanka",6.8899209,79.8826281,"Rain, Partially cloudy",0.04,8.1,83.2,25.0,2022-09-02T06:03:11,2022-09-02T18:17:41,Light Rain,Good
Armour Street Pettah,2025-05-06,20:28,Minor Injury,Side-impact Collision,Driver Negligence,2,Motorcycle; Bicycle,46-55,0,4,Low,"Armour Street Pettah, Colombo, Sri Lanka","Armour Street Pettah, Colombo, Sri Lanka","Armour St, Colombo, Sri Lanka",6.9424222,79.8637618,"Rain, Partially cloudy",1.575,7.0,82.7,47.8,2025-05-06T05:55:35,2025-05-06T18:19:12,Light Rain,Good
Galle Road Wellawatte,2023-02-11,09:53,Serious Injury,Rear-end Collision,Reckless Driving,1,Motorcycle,36-45,0,4,High,"Galle Road Wellawatte, Colombo, Sri Lanka","Galle Road Wellawatte, Colombo, Sri Lanka","Galle Rd, Colombo, Sri Lanka",6.8755051,79.861039,Partially cloudy,0.006,7.8,76.6,45.2,2023-02-11T06:28:29,2023-02-11T18:21:28,Partially Cloudy,Good
"Junction of D S Senanayake Mawatha and Gnanartha Pradeepa Mawatha, Colombo 08",2023-11-18,20:13,Minor Injury,Motorcycle Collision,Reckless Driving,2,Motorcycle; Bicycle,36-45,0,1,Low,"Junction of D S Senanayake Mawatha and Gnanartha Pradeepa Mawatha, Colombo 08, Colombo, Sri Lanka","Junction of D S Senanayake Mawatha and Gnanartha Pradeepa Mawatha, Colombo 08, Colombo, Sri Lanka","D. S. Senanayake Mawatha & Gnanartha Pradeepa Mawatha, Colombo 00700, Sri Lanka",6.9147089,79.87752259999999,"Rain, Partially cloudy",2.892,8.4,87.8,60.8,2023-11-18T06:01:49,2023-11-18T17:49:36,Light Rain,Good
Mutwal Road Mutwal,2025-10-29,00:05,Serious Injury,Single Vehicle Crash,Overspeeding,1,Motorcycle,46-55,0,4,High,"Mutwal Road Mutwal, Colombo, Sri Lanka","Mutwal Road Mutwal, Colombo, Sri Lanka","Muthuwella Mawatha, Colombo, Sri Lanka",6.9640994,79.8649458,Partially cloudy,0.044,7.1,74.2,25.4,2025-10-29T05:57:36,2025-10-29T17:51:07,Partially Cloudy,Good
Bambalapitiya Junction,2022-09-02,21:42,Minor Injury,Side-impact Collision,Mechanical Failure,1,Motorcycle,18-25,0,2,Low,"Bambalapitiya Junction, Colombo, Sri Lanka","Bambalapitiya Junction, Colombo, Sri Lanka","Bambalapitiya, Colombo 00500, Sri Lanka",6.8894192,79.8575468,"Rain, Partially cloudy",0.04,8.1,83.2,25.0,2022-09-02T06:03:11,2022-09-02T18:17:41,Light Rain,Good
Rawatawatte Junction,2025-11-24,12:42,Serious Injury,Side-impact Collision,Pedestrian Negligence,2,Bicycle; Motorcycle,18-25,0,3,Moderate,"Rawatawatte Junction, Colombo, Sri Lanka","Rawatawatte Junction, Colombo, Sri Lanka","De Zoysa Road Bus Stop, QVQP+623, Moratuwa 10400, Sri Lanka",6.788007899999999,79.88505599999999,"Rain, Partially cloudy",1.152,6.7,80.4,41.9,2025-11-24T06:04:15,2025-11-24T17:50:31,Light Rain,Good
Duplication Road Bambalapitiya,2023-09-18,09:26,Serious Injury,Motorcycle Collision,Poor Visibility,2,Motorcycle; Van,26-35,0,3,High,"Duplication Road Bambalapitiya, Colombo, Sri Lanka","Duplication Road Bambalapitiya, Colombo, Sri Lanka","450 E R. A. De Mel Mawatha, Colombo 00200, Sri Lanka",6.9024028,79.8545389,"Rain, Partially cloudy",1.552,7.3,90.8,77.1,2023-09-18T06:00:42,2023-09-18T18:09:18,Light Rain,Good
T B Jayah Mawatha Maradana,2023-09-02,02:18,Minor Injury,Pedestrian Collision,Drunk Driving,1,Motorcycle,26-35,0,2,Low,"T B Jayah Mawatha Maradana, Colombo, Sri Lanka","T B Jayah Mawatha Maradana, Colombo, Sri Lanka","T. B. Jayah Mawatha, Colombo, Sri Lanka",6.9235871,79.8619082,"Rain, Partially cloudy",1.242,7.4,88.2,81.9,2023-09-02T06:03:14,2023-09-02T18:17:49,Light Rain,Good
Liberty Plaza Area,2022-03-30,08:21,Minor Injury,Rear-end Collision,Distracted Driving,3,Motorcycle; Three Wheeler; Bus,26-35,0,1,Low,"Liberty Plaza Area, Colombo, Sri Lanka","Liberty Plaza Area, Colombo, Sri Lanka","300 Srimath Anagarika Dharmapala Mawatha, Colombo 00300, Sri Lanka",6.9118996,79.85130869999999,Partially cloudy,0.009,7.9,80.3,22.9,2022-03-30T06:10:03,2022-03-30T18:20:27,Partially Cloudy,Good
Pettah Clock Tower Area,2023-06-26,05:17,Minor Injury,Rear-end Collision,Pedestrian Negligence,1,Three Wheeler,26-35,0,1,Low,"Pettah Clock Tower Area, Colombo, Sri Lanka","Pettah Clock Tower Area, Colombo, Sri Lanka","Pettah, Colombo, Sri Lanka",6.9367858,79.8525385,"Rain, Partially cloudy",0.395,7.7,80.1,62.0,2023-06-26T05:57:48,2023-06-26T18:29:10,Light Rain,Good
Pettah Clock Tower Area,2024-12-02,18:35,Fatal,Head-on Collision,Reckless Driving,2,Motorcycle; Car,46-55,2,2,Moderate,"Pettah Clock Tower Area, Colombo, Sri Lanka","Pettah Clock Tower Area, Colombo, Sri Lanka","Pettah, Colombo, Sri Lanka",6.9367858,79.8525385,Partially cloudy,0.0,7.3,73.9,48.0,2024-12-02T06:07:51,2024-12-02T17:52:35,Partially Cloudy,Good
Bauddhaloka Mawatha Cinnamon Gardens,2022-10-12,17:45,Serious Injury,Multi-vehicle Collision,Overspeeding,4,Three Wheeler; Motorcycle; Lorry; Van,46-55,0,3,High,"Bauddhaloka Mawatha Cinnamon Gardens, Colombo, Sri Lanka","Bauddhaloka Mawatha Cinnamon Gardens, Colombo, Sri Lanka","Bauddhaloka Mawatha, Colombo 00700, Sri Lanka",6.901932,79.8694402,"Rain, Partially cloudy",1.725,6.9,91.6,38.9,2022-10-12T05:57:25,2022-10-12T17:56:58,Light Rain,Good
Messenger Street Pettah,2023-06-05,09:09,Serious Injury,Rear-end Collision,Overspeeding,1,Three Wheeler,18-25,0,3,High,"Messenger Street Pettah, Colombo, Sri Lanka","Messenger Street Pettah, Colombo, Sri Lanka","M. J. M. Lafeer Mawatha, Colombo, Sri Lanka",6.9411356,79.8629811,"Rain, Partially cloudy",0.202,8.0,83.4,75.8,2023-06-05T05:53:59,2023-06-05T18:24:20,Light Rain,Good
Bauddhaloka Mawatha Cinnamon Gardens,2024-03-03,15:15,Minor Injury,Multi-vehicle Collision,Driver Negligence,2,Lorry; Three Wheeler,26-35,0,2,Low,"Bauddhaloka Mawatha Cinnamon Gardens, Colombo, Sri Lanka","Bauddhaloka Mawatha Cinnamon Gardens, Colombo, Sri Lanka","Bauddhaloka Mawatha, Colombo 00700, Sri Lanka",6.901932,79.8694402,Partially cloudy,0.0,5.9,79.5,26.0,2024-03-03T06:22:27,2024-03-03T18:22:46,Partially Cloudy,Moderate
Union Place Slave Island,2025-02-18,13:38,Fatal,Motorcycle Collision,Reckless Driving,4,Motorcycle; Three Wheeler; Lorry; Car,36-45,2,3,High,"Union Place Slave Island, Colombo, Sri Lanka","Union Place Slave Island, Colombo, Sri Lanka","Union Pl, Colombo, Sri Lanka",6.9203664,79.8578057,Clear,0.0,5.5,69.4,15.4,2025-02-18T06:26:55,2025-02-18T18:22:26,Clear,Moderate
Havelock Town Junction,2025-06-26,16:01,Fatal,Rear-end Collision,Reckless Driving,1,Car,18-25,1,3,High,"Havelock Town Junction, Colombo, Sri Lanka","Havelock Town Junction, Colombo, Sri Lanka","Havelock Town, Colombo, Sri Lanka",6.886651899999999,79.8646835,"Rain, Partially cloudy",0.055,6.6,77.8,37.1,2025-06-26T05:57:57,2025-06-26T18:29:17,Light Rain,Good
Bambalapitiya Junction,2025-04-15,09:04,Minor Injury,Pedestrian Collision,Unsafe Lane Change,2,Bicycle; Three Wheeler,26-35,0,2,Low,"Bambalapitiya Junction, Colombo, Sri Lanka","Bambalapitiya Junction, Colombo, Sri Lanka","Bambalapitiya, Colombo 00500, Sri Lanka",6.8894192,79.8575468,"Rain, Partially cloudy",0.927,7.0,78.7,39.3,2025-04-15T06:02:32,2025-04-15T18:19:03,Light Rain,Good
"No. 34 Kirula Road, Borella, Colombo 08",2025-08-28,18:01,Minor Injury,Single Vehicle Crash,Poor Visibility,1,Bicycle,36-45,0,4,High,"No. 34 Kirula Road, Borella, Colombo 08, Colombo, Sri Lanka","No. 34 Kirula Road, Borella, Colombo 08, Colombo, Sri Lanka","34 Kirula Rd, Colombo 00500, Sri Lanka",6.892252,79.87053949999999,"Rain, Partially cloudy",0.267,7.4,77.2,21.9,2025-08-28T06:03:49,2025-08-28T18:20:02,Light Rain,Good
Pamankada Junction,2024-10-30,18:25,Minor Injury,Rear-end Collision,Reckless Driving,1,Three Wheeler,26-35,0,2,Moderate,"Pamankada Junction, Colombo, Sri Lanka","Pamankada Junction, Colombo, Sri Lanka","Pamankada Ln, Colombo, Sri Lanka",6.8756803,79.8676529,Partially cloudy,0.0,5.7,82.9,48.1,2024-10-30T05:57:44,2024-10-30T17:50:50,Partially Cloudy,Moderate
Rathmalana Junction,2022-12-27,08:12,Minor Injury,Rear-end Collision,Unsafe Lane Change,1,Lorry,46-55,0,1,High,"Rathmalana Junction, Colombo, Sri Lanka","Rathmalana Junction, Colombo, Sri Lanka","RV7H+WF6 Belek Kade Junction, A2, Dehiwala-Mount Lavinia, Sri Lanka",6.8147858,79.8786373,Clear,0.0,8.0,79.2,18.6,2022-12-27T06:19:58,2022-12-27T18:03:18,Clear,Good
Bauddhaloka Mawatha Cinnamon Gardens,2024-11-12,09:11,Minor Injury,Motorcycle Collision,Driver Negligence,3,Motorcycle; Three Wheeler; Lorry,18-25,0,1,Moderate,"Bauddhaloka Mawatha Cinnamon Gardens, Colombo, Sri Lanka","Bauddhaloka Mawatha Cinnamon Gardens, Colombo, Sri Lanka","Bauddhaloka Mawatha, Colombo 00700, Sri Lanka",6.901932,79.8694402,Partially cloudy,0.0,4.6,81.9,38.5,2024-11-12T06:00:15,2024-11-12T17:49:24,Partially Cloudy,Moderate
Fort Railway Station Area,2024-11-05,15:12,Serious Injury,Single Vehicle Crash,Overspeeding,1,Van,26-35,0,4,High,"Fort Railway Station Area, Colombo, Sri Lanka","Fort Railway Station Area, Colombo, Sri Lanka","Fort Railway station, Colombo, Sri Lanka",6.9337011,79.85003019999999,"Rain, Partially cloudy",0.067,5.9,89.5,55.5,2024-11-05T05:58:38,2024-11-05T17:49:50,Light Rain,Moderate
Maradana Junction,2022-09-14,19:54,Serious Injury,Pedestrian Collision,Unsafe Lane Change,1,Motorcycle,18-25,0,5,Moderate,"Maradana Junction, Colombo, Sri Lanka","Maradana Junction, Colombo, Sri Lanka","Maradana Junction, Colombo 01000, Sri Lanka",6.928874,79.8637428,"Rain, Partially cloudy",0.045,6.6,81.9,25.9,2022-09-14T06:01:19,2022-09-14T18:11:20,Light Rain,Good
Madampitiya Road,2024-08-06,13:50,Minor Injury,Side-impact Collision,Mechanical Failure,2,Three Wheeler; Motorcycle,18-25,0,1,High,"Madampitiya Road, Colombo, Sri Lanka","Madampitiya Road, Colombo, Sri Lanka","Madampitiya Rd, Colombo, Sri Lanka",6.9624445,79.8714976,Partially cloudy,0.001,7.1,78.0,62.5,2024-08-06T06:04:48,2024-08-06T18:28:19,Partially Cloudy,Good
Bambalapitiya Junction,2025-02-14,09:36,Minor Injury,Pedestrian Collision,Overspeeding,1,Motorcycle,26-35,0,2,Moderate,"Bambalapitiya Junction, Colombo, Sri Lanka","Bambalapitiya Junction, Colombo, Sri Lanka","Bambalapitiya, Colombo 00500, Sri Lanka",6.8894192,79.8575468,Clear,0.0,6.4,70.3,9.3,2025-02-14T06:27:51,2025-02-14T18:22:00,Clear,Good
Marine Drive Kollupitiya,2022-11-28,13:12,Minor Injury,Pedestrian Collision,Driver Negligence,1,Motorcycle,18-25,0,2,Low,"Marine Drive Kollupitiya, Colombo, Sri Lanka","Marine Drive Kollupitiya, Colombo, Sri Lanka","Marine Drive, Colombo, Sri Lanka",6.9061405,79.8497258,Rain,0.083,8.1,79.6,15.1,2022-11-28T06:05:47,2022-11-28T17:51:18,Light Rain,Good
Armour Street Junction,2024-08-16,11:23,Serious Injury,Side-impact Collision,Reckless Driving,2,Three Wheeler; Motorcycle,36-45,0,3,Low,"Armour Street Junction, Colombo, Sri Lanka","Armour Street Junction, Colombo, Sri Lanka","Armour St, Colombo, Sri Lanka",6.9424222,79.8637618,Partially cloudy,0.004,5.1,86.0,69.9,2024-08-16T06:04:45,2024-08-16T18:25:04,Partially Cloudy,Moderate
Borella Junction,2022-11-19,06:14,Serious Injury,Side-impact Collision,Overspeeding,3,Three Wheeler; Lorry; Van,18-25,0,2,High,"Borella Junction, Colombo, Sri Lanka","Borella Junction, Colombo, Sri Lanka","18 Dr NM Perera Mawatha Rd, Colombo 00800, Sri Lanka",6.9139525,79.878481,Clear,0.0,6.5,81.8,20.0,2022-11-19T06:02:14,2022-11-19T17:49:43,Clear,Good
High Level Road Kirulapone,2023-06-04,18:17,Minor Injury,Pedestrian Collision,Driver Fatigue,2,Motorcycle; Car,18-25,0,1,Low,"High Level Road Kirulapone, Colombo, Sri Lanka","High Level Road Kirulapone, Colombo, Sri Lanka","High Level Rd, Colombo, Sri Lanka",6.8775584,79.8793098,"Rain, Partially cloudy",0.113,8.1,79.8,50.4,2023-06-04T05:53:53,2023-06-04T18:24:06,Light Rain,Good
Baseline Road Borella,2025-10-24,09:52,Minor Injury,Rear-end Collision,Driver Negligence,3,Car; Motorcycle; Van,26-35,0,4,Low,"Baseline Road Borella, Colombo, Sri Lanka","Baseline Road Borella, Colombo, Sri Lanka","Baseline Rd, Colombo, Sri Lanka",6.919902,79.8776917,"Rain, Partially cloudy",0.352,6.1,88.4,45.8,2025-10-24T05:57:15,2025-10-24T17:52:26,Light Rain,Good
Galle Road Rathmalana,2023-10-15,22:18,Minor Injury,Motorcycle Collision,Driver Fatigue,2,Motorcycle; Bus,46-55,0,3,Moderate,"Galle Road Rathmalana, Colombo, Sri Lanka","Galle Road Rathmalana, Colombo, Sri Lanka","Galle Rd, Sri Lanka",6.8164799,79.8765378,"Rain, Partially cloudy",2.866,7.6,85.0,58.9,2023-10-15T05:57:16,2023-10-15T17:55:48,Light Rain,Good
"No. 05 Sirimavo Bandaranaike Mawatha, Grandpass, Colombo 14",2025-01-06,23:52,Minor Injury,Motorcycle Collision,Reckless Driving,2,Motorcycle; Car,46-55,0,1,Low,"No. 05 Sirimavo Bandaranaike Mawatha, Grandpass, Colombo 14, Colombo, Sri Lanka","No. 05 Sirimavo Bandaranaike Mawatha, Grandpass, Colombo 14, Colombo, Sri Lanka","5 Sirimavo Bandaranaike Mawatha, Colombo 01300, Sri Lanka",6.944629399999999,79.8665427,Partially cloudy,0.0,6.9,72.7,41.9,2025-01-06T06:24:27,2025-01-06T18:08:44,Partially Cloudy,Good
Union Place Slave Island,2025-04-29,19:57,Minor Injury,Pedestrian Collision,Poor Visibility,2,Motorcycle; Three Wheeler,46-55,0,2,Moderate,"Union Place Slave Island, Colombo, Sri Lanka","Union Place Slave Island, Colombo, Sri Lanka","Union Pl, Colombo, Sri Lanka",6.9203664,79.8578057,"Rain, Partially cloudy",0.031,8.4,74.3,31.3,2025-04-29T05:57:26,2025-04-29T18:18:49,Light Rain,Good
Bambalapitiya Junction,2022-12-20,07:26,Serious Injury,Side-impact Collision,Driver Negligence,1,Three Wheeler,26-35,0,2,High,"Bambalapitiya Junction, Colombo, Sri Lanka","Bambalapitiya Junction, Colombo, Sri Lanka","Bambalapitiya, Colombo 00500, Sri Lanka",6.8894192,79.8575468,Partially cloudy,0.0,8.2,77.1,26.4,2022-12-20T06:16:33,2022-12-20T17:59:47,Partially Cloudy,Good
Dematagoda Junction,2025-10-03,18:18,Minor Injury,Motorcycle Collision,Reckless Driving,1,Motorcycle,18-25,0,2,Low,"Dematagoda Junction, Colombo, Sri Lanka","Dematagoda Junction, Colombo, Sri Lanka","Dematagoda Pl, Colombo, Sri Lanka",6.9293231,79.8764195,Rain,0.044,6.9,71.5,18.2,2025-10-03T05:58:20,2025-10-03T18:01:06,Light Rain,Good
Bauddhaloka Mawatha Cinnamon Gardens,2022-04-09,10:29,Minor Injury,Rear-end Collision,Reckless Driving,2,Three Wheeler; Van,26-35,0,2,Low,"Bauddhaloka Mawatha Cinnamon Gardens, Colombo, Sri Lanka","Bauddhaloka Mawatha Cinnamon Gardens, Colombo, Sri Lanka","Bauddhaloka Mawatha, Colombo 00700, Sri Lanka",6.901932,79.8694402,"Rain, Partially cloudy",0.203,7.7,91.1,31.8,2022-04-09T06:05:16,2022-04-09T18:19:28,Light Rain,Good
Kollupitiya Railway Station Area,2022-04-06,09:41,Minor Injury,Pedestrian Collision,Driver Negligence,1,Car,26-35,0,2,High,"Kollupitiya Railway Station Area, Colombo, Sri Lanka","Kollupitiya Railway Station Area, Colombo, Sri Lanka","Kollupitiya Railway Station, Colombo, Sri Lanka",6.9112629,79.8481782,Clear,0.0,8.1,83.1,16.5,2022-04-06T06:06:40,2022-04-06T18:19:44,Clear,Good
D R Wijewardena Mawatha Dematagoda,2025-08-20,07:30,Serious Injury,Motorcycle Collision,Unsafe Lane Change,4,Motorcycle; Van; Bicycle; Bus,36-45,0,5,High,"D R Wijewardena Mawatha Dematagoda, Colombo, Sri Lanka","D R Wijewardena Mawatha Dematagoda, Colombo, Sri Lanka","McCallum Rd, Colombo, Sri Lanka",6.9315143,79.8545206,Partially cloudy,0.0,7.4,78.7,57.5,2025-08-20T06:04:34,2025-08-20T18:23:36,Partially Cloudy,Good
"Junction of Olcott Mawatha and Sea Street, Colombo 11",2023-04-12,07:47,Serious Injury,Side-impact Collision,Driver Negligence,2,Motorcycle; Car,18-25,0,4,High,"Junction of Olcott Mawatha and Sea Street, Colombo 11, Colombo, Sri Lanka","Junction of Olcott Mawatha and Sea Street, Colombo 11, Colombo, Sri Lanka","Sea St, Colombo 01300, Sri Lanka",6.9418464,79.8542501,Partially cloudy,0.004,8.4,75.7,30.4,2023-04-12T06:04:02,2023-04-12T18:19:15,Partially Cloudy,Good
Liberty Plaza Area,2025-07-29,12:35,Minor Injury,Side-impact Collision,Reckless Driving,1,Car,46-55,0,1,High,"Liberty Plaza Area, Colombo, Sri Lanka","Liberty Plaza Area, Colombo, Sri Lanka","300 Srimath Anagarika Dharmapala Mawatha, Colombo 00300, Sri Lanka",6.9118996,79.85130869999999,Clear,0.0,8.3,72.6,14.3,2025-07-29T06:04:15,2025-07-29T18:30:09,Clear,Good
High Level Road Kirulapone,2025-11-21,18:57,Minor Injury,Multi-vehicle Collision,Distracted Driving,4,Three Wheeler; Bicycle; Motorcycle; Car,46-55,0,1,Moderate,"High Level Road Kirulapone, Colombo, Sri Lanka","High Level Road Kirulapone, Colombo, Sri Lanka","High Level Rd, Colombo, Sri Lanka",6.8775584,79.8793098,"Rain, Partially cloudy",0.234,6.5,81.2,34.0,2025-11-21T06:03:05,2025-11-21T17:50:01,Light Rain,Good
Bauddhaloka Mawatha Cinnamon Gardens,2024-10-02,22:08,Minor Injury,Multi-vehicle Collision,Overspeeding,3,Three Wheeler; Van; Motorcycle,56+,0,2,Low,"Bauddhaloka Mawatha Cinnamon Gardens, Colombo, Sri Lanka","Bauddhaloka Mawatha Cinnamon Gardens, Colombo, Sri Lanka","Bauddhaloka Mawatha, Colombo 00700, Sri Lanka",6.901932,79.8694402,Partially cloudy,0.0,6.0,79.9,46.3,2024-10-02T05:58:25,2024-10-02T18:01:28,Partially Cloudy,Moderate
"Junction of Main Street and First Cross Street, Pettah, Colombo 11",2025-12-23,16:16,Minor Injury,Motorcycle Collision,Reckless Driving,2,Motorcycle; Bus,56+,0,3,Low,"Junction of Main Street and First Cross Street, Pettah, Colombo 11, Colombo, Sri Lanka","Junction of Main Street and First Cross Street, Pettah, Colombo 11, Colombo, Sri Lanka","Main St & 1st Cross St, Colombo, Sri Lanka",6.937465899999999,79.85073349999999,Partially cloudy,0.0,6.7,74.8,22.4,2025-12-23T06:18:12,2025-12-23T18:01:26,Partially Cloudy,Good
"Junction of Union Place and Kumaran Ratnam Road, Colombo 02",2025-02-09,16:20,Minor Injury,Side-impact Collision,Overspeeding,2,Bus; Car,26-35,0,2,Moderate,"Junction of Union Place and Kumaran Ratnam Road, Colombo 02, Colombo, Sri Lanka","Junction of Union Place and Kumaran Ratnam Road, Colombo 02, Colombo, Sri Lanka","Kumaran Ratnam Rd, Colombo, Sri Lanka",6.9255031,79.8516797,Clear,0.0,5.5,57.7,18.4,2025-02-09T06:28:44,2025-02-09T18:21:13,Clear,Moderate
Havelock Town Junction,2022-02-10,17:31,Minor Injury,Single Vehicle Crash,Driver Negligence,1,Motorcycle,46-55,0,4,Low,"Havelock Town Junction, Colombo, Sri Lanka","Havelock Town Junction, Colombo, Sri Lanka","Havelock Town, Colombo, Sri Lanka",6.886651899999999,79.8646835,"Rain, Partially cloudy",0.02,6.9,81.7,20.6,2022-02-10T06:28:36,2022-02-10T18:21:19,Light Rain,Good
Havelock Town Junction,2024-03-23,21:15,Minor Injury,Single Vehicle Crash,Overspeeding,1,Three Wheeler,26-35,0,2,Moderate,"Havelock Town Junction, Colombo, Sri Lanka","Havelock Town Junction, Colombo, Sri Lanka","Havelock Town, Colombo, Sri Lanka",6.886651899999999,79.8646835,"Rain, Partially cloudy",0.024,5.9,82.2,39.8,2024-03-23T06:13:15,2024-03-23T18:21:11,Light Rain,Moderate
Udahamulla Junction,2025-04-29,08:48,Serious Injury,Rear-end Collision,Mechanical Failure,1,Three Wheeler,46-55,0,4,Low,"Udahamulla Junction, Colombo, Sri Lanka","Udahamulla Junction, Colombo, Sri Lanka","Udahamulla, Nugegoda, Sri Lanka",6.8665559,79.9150724,"Rain, Partially cloudy",0.031,8.4,74.3,31.3,2025-04-29T05:57:26,2025-04-29T18:18:49,Light Rain,Good
Armour Street Junction,2024-10-21,18:03,Fatal,Rear-end Collision,Unsafe Lane Change,1,Three Wheeler,18-25,1,3,High,"Armour Street Junction, Colombo, Sri Lanka","Armour Street Junction, Colombo, Sri Lanka","Armour St, Colombo, Sri Lanka",6.9424222,79.8637618,Partially cloudy,0.0,5.9,89.8,66.7,2024-10-21T05:57:09,2024-10-21T17:53:18,Partially Cloudy,Moderate