Location,Date of Accident,Time of Accident,Accident Severity,Collision Type,Cause of Accident,Number of Vehicles,Vehicle Types,Driver Age Group,Number of Fatalities,Number of Injuries,Property Damage Level,location_standardized,location_name,formatted_address,latitude,longitude,conditions,precip,visibility,humidity,cloudcover,sunrise,sunset,weather_condition_label,visibility_level
Torrington Avenue Colombo 07,2025-08-09,19:45,Minor Injury,Single Vehicle Crash,Driver Negligence,1,Car,26-35,0,2,Low,"Torrington Avenue Colombo 07, Colombo, Sri Lanka","Torrington Avenue Colombo 07, Colombo, Sri Lanka","7 Torrington Ave, Colombo 00700, Sri Lanka",6.8980313,79.8688026,Partially cloudy,0.0,7.3,78.7,46.1,2025-08-09T06:04:53,2025-08-09T18:27:33,Partially Cloudy,Good
Nelum Pokuna Area,2022-09-27,14:03,Minor Injury,Pedestrian Collision,Reckless Driving,1,Three Wheeler,26-35,0,1,Moderate,"Nelum Pokuna Area, Colombo, Sri Lanka","Nelum Pokuna Area, Colombo, Sri Lanka","110 Ananda Coomaraswamy Mawatha, Colombo 00700, Sri Lanka",6.910803199999999,79.86344670000001,Partially cloudy,0.0,7.7,75.7,27.6,2022-09-27T05:59:11,2022-09-27T18:04:18,Partially Cloudy,Good
Armour Street Junction,2024-07-02,14:27,Serious Injury,Rear-end Collision,Overspeeding,2,Car; Lorry,36-45,0,6,High,"Armour Street Junction, Colombo, Sri Lanka","Armour Street Junction, Colombo, Sri Lanka","Armour St, Colombo, Sri Lanka",6.9424222,79.8637618,Partially cloudy,0.004,7.4,76.0,50.1,2024-07-02T05:59:23,2024-07-02T18:30:18,Partially Cloudy,Good
Colombo 07 Junction,2025-12-30,18:11,Minor Injury,Rear-end Collision,Distracted Driving,2,Three Wheeler; Motorcycle,26-35,0,2,High,"Colombo 07 Junction, Colombo, Sri Lanka","Colombo 07 Junction, Colombo, Sri Lanka","Colombo 07, Colombo 00700, Sri Lanka",6.9066125,79.8596227,Partially cloudy,0.008,6.4,74.0,24.7,2025-12-30T06:21:29,2025-12-30T18:05:01,Partially Cloudy,Good
Sir Chittampalam A Gardiner Mawatha Fort,2022-11-24,08:48,Fatal,Multi-vehicle Collision,Driver Negligence,4,Three Wheeler; Motorcycle; Lorry; Bicycle,26-35,1,3,High,"Sir Chittampalam A Gardiner Mawatha Fort, Colombo, Sri Lanka","Sir Chittampalam A Gardiner Mawatha Fort, Colombo, Sri Lanka","Sir Chittampalam A Gardiner Mawath, Colombo, Sri Lanka",6.9298377,79.8477933,Clear,0.0,8.6,78.7,17.0,2022-11-24T06:04:07,2022-11-24T17:50:26,Clear,Good
Mattakkuliya Junction,2025-05-10,08:55,Minor Injury,Side-impact Collision,Overspeeding,4,Motorcycle; Car; Three Wheeler; Bicycle,36-45,0,2,High,"Mattakkuliya Junction, Colombo, Sri Lanka","Mattakkuliya Junction, Colombo, Sri Lanka","Mattakkuliya Brg, Colombo, Sri Lanka",6.9805611,79.875318,"Rain, Partially cloudy",0.033,6.9,74.6,39.7,2025-05-10T05:54:46,2025-05-10T18:19:35,Light Rain,Good
Baseline Road Borella,2025-07-16,11:37,Serious Injury,Motorcycle Collision,Driver Negligence,4,Motorcycle; Car; Bus; Bicycle,36-45,0,2,High,"Baseline Road Borella, Colombo, Sri Lanka","Baseline Road Borella, Colombo, Sri Lanka","Baseline Rd, Colombo, Sri Lanka",6.919902,79.8776917,Partially cloudy,0.0,7.4,75.1,51.5,2025-07-16T06:02:22,2025-07-16T18:31:16,Partially Cloudy,Good
Kotahena Junction,2024-12-09,19:57,Minor Injury,Side-impact Collision,Distracted Driving,4,Motorcycle; Car; Three Wheeler; Bus,18-25,0,4,Low,"Kotahena Junction, Colombo, Sri Lanka","Kotahena Junction, Colombo, Sri Lanka","Kotahena St, Colombo 01300, Sri Lanka",6.9494699,79.8626776,Partially cloudy,0.0,5.2,79.1,35.6,2024-12-09T06:11:15,2024-12-09T17:55:05,Partially Cloudy,Moderate
Colombo 07 Junction,2025-04-06,15:02,Minor Injury,Motorcycle Collision,Unsafe Lane Change,2,Motorcycle; Three Wheeler,36-45,0,1,Low,"Colombo 07 Junction, Colombo, Sri Lanka","Colombo 07 Junction, Colombo, Sri Lanka","Colombo 07, Colombo 00700, Sri Lanka",6.9066125,79.8596227,"Rain, Partially cloudy",1.453,6.9,77.7,27.7,2025-04-06T06:06:34,2025-04-06T18:19:44,Light Rain,Good
Bauddhaloka Mawatha Cinnamon Gardens,2025-07-03,07:46,Minor Injury,Rear-end Collision,Driver Negligence,2,Motorcycle; Three Wheeler,36-45,0,3,High,"Bauddhaloka Mawatha Cinnamon Gardens, Colombo, Sri Lanka","Bauddhaloka Mawatha Cinnamon Gardens, Colombo, Sri Lanka","Bauddhaloka Mawatha, Colombo 00700, Sri Lanka",6.901932,79.8694402,Partially cloudy,0.0,8.2,74.0,28.6,2025-07-03T05:59:35,2025-07-03T18:30:25,Partially Cloudy,Good
Borella Junction,2023-03-13,10:46,Minor Injury,Motorcycle Collision,Driver Negligence,4,Motorcycle; Car; Bus; Van,26-35,0,2,Low,"Borella Junction, Colombo, Sri Lanka","Borella Junction, Colombo, Sri Lanka","18 Dr NM Perera Mawatha Rd, Colombo 00800, Sri Lanka",6.9139525,79.878481,"Rain, Partially cloudy",0.059,7.6,81.4,38.7,2023-03-13T06:18:25,2023-03-13T18:22:14,Light Rain,Good
Kochchikade Junction,2022-10-24,05:13,Fatal,Single Vehicle Crash,Reckless Driving,1,Motorcycle,26-35,1,1,High,"Kochchikade Junction, Colombo, Sri Lanka","Kochchikade Junction, Colombo, Sri Lanka","Colombo, Sri Lanka",6.9270786,79.861243,"Rain, Partially cloudy",0.511,8.3,85.9,39.1,2022-10-24T05:57:12,2022-10-24T17:52:29,Light Rain,Good
Borella Police Area,2024-01-22,07:34,Minor Injury,Pedestrian Collision,Reckless Driving,2,Motorcycle; Bicycle,18-25,0,2,Moderate,"Borella Police Area, Colombo, Sri Lanka","Borella Police Area, Colombo, Sri Lanka","Colombo 08, Colombo, Sri Lanka",6.9147836,79.8775951,Partially cloudy,0.0,7.2,72.2,35.4,2024-01-22T06:28:33,2024-01-22T18:15:42,Partially Cloudy,Good
"Junction of Galle Road and Kawdana Road, Wellawatte, Colombo 06",2025-08-09,17:22,Minor Injury,Motorcycle Collision,Unsafe Lane Change,3,Motorcycle; Bicycle; Car,26-35,0,2,Moderate,"Junction of Galle Road and Kawdana Road, Wellawatte, Colombo 06, Colombo, Sri Lanka","Junction of Galle Road and Kawdana Road, Wellawatte, Colombo 06, Colombo, Sri Lanka","Wellawatte, Colombo 00600, Sri Lanka",6.874092099999999,79.8604934,Partially cloudy,0.0,7.3,78.7,46.1,2025-08-09T06:04:53,2025-08-09T18:27:33,Partially Cloudy,Good
Pettah Clock Tower Area,2023-10-17,14:03,Serious Injury,Rear-end Collision,Distracted Driving,1,Motorcycle,26-35,0,4,High,"Pettah Clock Tower Area, Colombo, Sri Lanka","Pettah Clock Tower Area, Colombo, Sri Lanka","Pettah, Colombo, Sri Lanka",6.9367858,79.8525385,"Rain, Partially cloudy",2.348,7.9,87.7,69.8,2023-10-17T05:57:11,2023-10-17T17:55:00,Light Rain,Good
Hulftsdorp Junction,2023-10-14,20:44,Minor Injury,Multi-vehicle Collision,Distracted Driving,3,Three Wheeler; Bus; Car,56+,0,1,Moderate,"Hulftsdorp Junction, Colombo, Sri Lanka","Hulftsdorp Junction, Colombo, Sri Lanka","Hultsdorf St, Colombo, Sri Lanka",6.9375553,79.8608161,"Rain, Partially cloudy",0.393,7.8,83.6,63.7,2023-10-14T05:57:19,2023-10-14T17:56:13,Light Rain,Good
Havelock Town Junction,2024-02-02,14:11,Serious Injury,Single Vehicle Crash,Overspeeding,1,Three Wheeler,46-55,0,4,High,"Havelock Town Junction, Colombo, Sri Lanka","Havelock Town Junction, Colombo, Sri Lanka","Havelock Town, Colombo, Sri Lanka",6.886651899999999,79.8646835,"Rain, Partially cloudy",0.179,6.6,82.8,34.9,2024-02-02T06:29:20,2024-02-02T18:19:25,Light Rain,Good
"Junction of Havelock Road and Thimbirigasyaya Road, Colombo 05",2025-09-12,21:50,Minor Injury,Side-impact Collision,Reckless Driving,2,Van; Bus,36-45,0,4,Low,"Junction of Havelock Road and Thimbirigasyaya Road, Colombo 05, Colombo, Sri Lanka","Junction of Havelock Road and Thimbirigasyaya Road, Colombo 05, Colombo, Sri Lanka","Thimbirigasyaya Rd & Havelock Rd, Colombo 00500, Sri Lanka",6.8903249,79.8637507,Partially cloudy,0.044,7.2,69.3,32.6,2025-09-12T06:01:38,2025-09-12T18:12:19,Partially Cloudy,Good
Sir Chittampalam A Gardiner Mawatha Fort,2023-12-24,11:52,Serious Injury,Side-impact Collision,Driver Negligence,2,Motorcycle; Three Wheeler,36-45,0,2,High,"Sir Chittampalam A Gardiner Mawatha Fort, Colombo, Sri Lanka","Sir Chittampalam A Gardiner Mawatha Fort, Colombo, Sri Lanka","Sir Chittampalam A Gardiner Mawath, Colombo, Sri Lanka",6.9298377,79.8477933,"Rain, Partially cloudy",0.036,7.7,78.7,54.3,2023-12-24T06:18:26,2023-12-24T18:01:39,Light Rain,Good
High Level Road Kirulapone,2022-06-16,09:13,Minor Injury,Side-impact Collision,Driver Negligence,1,Car,56+,0,4,Moderate,"High Level Road Kirulapone, Colombo, Sri Lanka","High Level Road Kirulapone, Colombo, Sri Lanka","High Level Rd, Colombo, Sri Lanka",6.8775584,79.8793098,"Rain, Partially cloudy",0.95,7.8,87.6,38.3,2022-06-16T05:55:42,2022-06-16T18:27:03,Light Rain,Good
High Level Road Kirulapone,2022-06-04,01:57,Serious Injury,Single Vehicle Crash,Overspeeding,1,Van,36-45,0,5,Moderate,"High Level Road Kirulapone, Colombo, Sri Lanka","High Level Road Kirulapone, Colombo, Sri Lanka","High Level Rd, Colombo, Sri Lanka",6.8775584,79.8793098,"Rain, Partially cloudy",0.044,8.1,82.3,28.3,2022-06-04T05:53:54,2022-06-04T18:24:09,Light Rain,Good
Fort Railway Station Area,2024-01-26,12:09,Minor Injury,Motorcycle Collision,Driver Negligence,2,Motorcycle; Car,36-45,0,3,Low,"Fort Railway Station Area, Colombo, Sri Lanka","Fort Railway Station Area, Colombo, Sri Lanka","Fort Railway station, Colombo, Sri Lanka",6.9337011,79.85003019999999,Clear,0.0,6.7,69.9,18.1,2024-01-26T06:29:04,2024-01-26T18:17:12,Clear,Good
Reid Avenue Colombo 07,2022-07-06,07:08,Minor Injury,Multi-vehicle Collision,Failure to Yield,4,Three Wheeler; Bicycle; Van; Motorcycle,36-45,0,1,Low,"Reid Avenue Colombo 07, Colombo, Sri Lanka","Reid Avenue Colombo 07, Colombo, Sri Lanka","Reid Ave, Colombo 00700, Sri Lanka",6.9012193,79.8616499,Partially cloudy,0.0,7.8,75.3,29.5,2022-07-06T06:00:10,2022-07-06T18:30:42,Partially Cloudy,Good
Borella Junction,2023-07-29,11:11,Minor Injury,Rear-end Collision,Overspeeding,2,Lorry; Motorcycle,26-35,0,4,High,"Borella Junction, Colombo, Sri Lanka","Borella Junction, Colombo, Sri Lanka","18 Dr NM Perera Mawatha Rd, Colombo 00800, Sri Lanka",6.9139525,79.878481,Partially cloudy,0.0,8.1,77.4,58.0,2023-07-29T06:04:11,2023-07-29T18:30:12,Partially Cloudy,Good
Pettah Market Area,2024-07-01,07:05,Minor Injury,Multi-vehicle Collision,Driver Fatigue,4,Van; Three Wheeler; Bicycle; Motorcycle,46-55,0,2,Moderate,"Pettah Market Area, Colombo, Sri Lanka","Pettah Market Area, Colombo, Sri Lanka","WVP3+VMM, Keyzer St, Colombo 01100, Sri Lanka",6.937201699999999,79.854187,"Rain, Partially cloudy",1.035,7.2,79.9,57.2,2024-07-01T05:59:09,2024-07-01T18:30:09,Light Rain,Good
Fort Railway Station Area,2024-09-25,18:51,Serious Injury,Motorcycle Collision,Reckless Driving,2,Motorcycle; Bus,18-25,0,3,High,"Fort Railway Station Area, Colombo, Sri Lanka","Fort Railway Station Area, Colombo, Sri Lanka","Fort Railway station, Colombo, Sri Lanka",6.9337011,79.85003019999999,Partially cloudy,0.0,6.1,83.5,52.4,2024-09-25T05:59:26,2024-09-25T18:05:07,Partially Cloudy,Good
Havelock Town Junction,2024-02-03,12:31,Minor Injury,Motorcycle Collision,Reckless Driving,2,Motorcycle; Car,26-35,0,1,High,"Havelock Town Junction, Colombo, Sri Lanka","Havelock Town Junction, Colombo, Sri Lanka","Havelock Town, Colombo, Sri Lanka",6.886651899999999,79.8646835,"Rain, Partially cloudy",0.101,5.4,82.4,30.3,2024-02-03T06:29:18,2024-02-03T18:19:41,Light Rain,Moderate
Nugegoda Town,2024-09-20,10:19,Minor Injury,Motorcycle Collision,Unsafe Lane Change,3,Motorcycle; Bicycle; Car,36-45,0,3,Low,"Nugegoda Town, Colombo, Sri Lanka","Nugegoda Town, Colombo, Sri Lanka","Nugegoda, Sri Lanka",6.8649081,79.8996789,Partially cloudy,0.0,6.2,77.5,47.7,2024-09-20T06:00:15,2024-09-20T18:07:49,Partially Cloudy,Good
Sea Street Kotahena,2024-03-31,11:44,Minor Injury,Side-impact Collision,Overspeeding,4,Motorcycle; Van; Three Wheeler; Car,26-35,0,2,Moderate,"Sea Street Kotahena, Colombo, Sri Lanka","Sea Street Kotahena, Colombo, Sri Lanka","Sea St, Colombo 01300, Sri Lanka",6.9418464,79.8542501,Rain,0.051,14.2,76.9,16.8,2024-03-31T06:09:19,2024-03-31T18:20:19,Light Rain,Good
Messenger Street Pettah,2023-06-24,18:59,Minor Injury,Side-impact Collision,Driver Fatigue,1,Bicycle,26-35,0,1,High,"Messenger Street Pettah, Colombo, Sri Lanka","Messenger Street Pettah, Colombo, Sri Lanka","M. J. M. Lafeer Mawatha, Colombo, Sri Lanka",6.9411356,79.8629811,Partially cloudy,0.008,8.1,80.5,59.1,2023-06-24T05:57:21,2023-06-24T18:28:46,Partially Cloudy,Good
Independence Square Area,2024-04-11,19:15,Minor Injury,Rear-end Collision,Failure to Yield,2,Bus; Motorcycle,18-25,0,3,Moderate,"Independence Square Area, Colombo, Sri Lanka","Independence Square Area, Colombo, Sri Lanka","Independence Square, Colombo 00700, Sri Lanka",6.9035383,79.8681098,"Rain, Partially cloudy",0.035,6.0,84.8,54.8,2024-04-11T06:04:09,2024-04-11T18:19:17,Light Rain,Moderate
Mahanama College Junction,2024-04-23,05:06,Fatal,Multi-vehicle Collision,Driver Fatigue,2,Car; Bus,18-25,2,7,High,"Mahanama College Junction, Colombo, Sri Lanka","Mahanama College Junction, Colombo, Sri Lanka","WV43+FW2, R. A. De Mel Mawatha, Colombo, Sri Lanka",6.9061492,79.8547687,Partially cloudy,0.004,6.1,82.9,46.0,2024-04-23T05:59:19,2024-04-23T18:18:45,Partially Cloudy,Good
Duplication Road Bambalapitiya,2024-01-06,17:41,Minor Injury,Rear-end Collision,Overspeeding,2,Car; Motorcycle,36-45,0,2,Low,"Duplication Road Bambalapitiya, Colombo, Sri Lanka","Duplication Road Bambalapitiya, Colombo, Sri Lanka","450 E R. A. De Mel Mawatha, Colombo 00200, Sri Lanka",6.9024028,79.8545389,"Rain, Partially cloudy",0.237,7.7,84.7,59.3,2024-01-06T06:24:09,2024-01-06T18:08:20,Light Rain,Good
Union Place,2024-08-23,13:10,Serious Injury,Head-on Collision,Reckless Driving,2,Motorcycle; Car,26-35,0,2,High,"Union Place, Colombo, Sri Lanka","Union Place, Colombo, Sri Lanka","Union Place, Colombo, Sri Lanka",6.922958299999999,79.8523572,Partially cloudy,0.0,6.6,77.5,53.8,2024-08-23T06:04:18,2024-08-23T18:22:12,Partially Cloudy,Good
Sea Street Kotahena,2025-11-20,21:07,Minor Injury,Rear-end Collision,Driver Negligence,1,Bicycle,18-25,0,3,Moderate,"Sea Street Kotahena, Colombo, Sri Lanka","Sea Street Kotahena, Colombo, Sri Lanka","Sea St, Colombo 01300, Sri Lanka",6.9418464,79.8542501,Clear,0.032,6.9,77.2,19.8,2025-11-20T06:02:43,2025-11-20T17:49:53,Clear,Good
Slave Island Junction,2025-09-23,21:24,Serious Injury,Rear-end Collision,Overspeeding,1,Bicycle,46-55,0,4,High,"Slave Island Junction, Colombo, Sri Lanka","Slave Island Junction, Colombo, Sri Lanka","Kompannavidiya Flyover, Colombo, Sri Lanka",6.9266493,79.8483123,"Rain, Partially cloudy",0.12,8.1,74.0,27.9,2025-09-23T05:59:48,2025-09-23T18:06:20,Light Rain,Good
Borella Junction,2023-05-26,23:12,Minor Injury,Pedestrian Collision,Unsafe Lane Change,2,Three Wheeler; Car,46-55,0,2,Low,"Borella Junction, Colombo, Sri Lanka","Borella Junction, Colombo, Sri Lanka","18 Dr NM Perera Mawatha Rd, Colombo 00800, Sri Lanka",6.9139525,79.878481,Partially cloudy,0.002,8.6,79.9,59.9,2023-05-26T05:53:25,2023-05-26T18:22:04,Partially Cloudy,Good
Grandpass Junction,2024-12-11,04:38,Minor Injury,Multi-vehicle Collision,Driver Negligence,3,Car; Motorcycle; Three Wheeler,26-35,0,2,Moderate,"Grandpass Junction, Colombo, Sri Lanka","Grandpass Junction, Colombo, Sri Lanka","Grandpass Rd, Colombo, Sri Lanka",6.9432514,79.8685531,Partially cloudy,0.0,6.5,82.1,43.5,2024-12-11T06:12:16,2024-12-11T17:55:55,Partially Cloudy,Good
Bambalapitiya Railway Station Area,2024-12-24,07:33,Minor Injury,Motorcycle Collision,Pedestrian Negligence,4,Motorcycle; Bus; Car; Three Wheeler,26-35,0,3,Low,"Bambalapitiya Railway Station Area, Colombo, Sri Lanka","Bambalapitiya Railway Station Area, Colombo, Sri Lanka","Bambalapitiya Railway Station, Colombo, Sri Lanka",6.8936984,79.8529574,Partially cloudy,0.0,7.0,78.6,20.7,2024-12-24T06:18:48,2024-12-24T18:02:03,Partially Cloudy,Good
D R Wijewardena Mawatha Dematagoda,2024-12-12,13:30,Minor Injury,Side-impact Collision,Poor Visibility,4,Car; Motorcycle; Three Wheeler; Bus,26-35,0,3,Low,"D R Wijewardena Mawatha Dematagoda, Colombo, Sri Lanka","D R Wijewardena Mawatha Dematagoda, Colombo, Sri Lanka","McCallum Rd, Colombo, Sri Lanka",6.9315143,79.8545206,"Rain, Partially cloudy",0.151,6.2,88.5,76.8,2024-12-12T06:12:46,2024-12-12T17:56:20,Light Rain,Good
Mattakkuliya Junction,2024-04-12,10:48,Minor Injury,Motorcycle Collision,Driver Negligence,2,Motorcycle; Lorry,46-55,0,1,Low,"Mattakkuliya Junction, Colombo, Sri Lanka","Mattakkuliya Junction, Colombo, Sri Lanka","Mattakkuliya Brg, Colombo, Sri Lanka",6.9805611,79.875318,"Rain, Partially cloudy",0.016,6.8,87.5,51.3,2024-04-12T06:03:43,2024-04-12T18:19:13,Light Rain,Good
Baseline Road Borella,2022-10-26,19:53,Minor Injury,Multi-vehicle Collision,Overspeeding,4,Three Wheeler; Van; Bicycle; Motorcycle,26-35,0,1,Low,"Baseline Road Borella, Colombo, Sri Lanka","Baseline Road Borella, Colombo, Sri Lanka","Baseline Rd, Colombo, Sri Lanka",6.919902,79.8776917,"Rain, Partially cloudy",0.174,8.0,86.5,29.3,2022-10-26T05:57:18,2022-10-26T17:51:55,Light Rain,Good
Pettah Clock Tower Area,2023-07-17,16:56,Minor Injury,Pedestrian Collision,Unsafe Lane Change,2,Motorcycle; Three Wheeler,36-45,0,1,Moderate,"Pettah Clock Tower Area, Colombo, Sri Lanka","Pettah Clock Tower Area, Colombo, Sri Lanka","Pettah, Colombo, Sri Lanka",6.9367858,79.8525385,Partially cloudy,0.0,8.2,79.9,56.2,2023-07-17T06:02:25,2023-07-17T18:31:14,Partially Cloudy,Good
Borella Junction,2023-07-30,21:26,Minor Injury,Side-impact Collision,Reckless Driving,2,Van; Bicycle,36-45,0,1,High,"Borella Junction, Colombo, Sri Lanka","Borella Junction, Colombo, Sri Lanka","18 Dr NM Perera Mawatha Rd, Colombo 00800, Sri Lanka",6.9139525,79.878481,Partially cloudy,0.0,8.1,77.9,50.1,2023-07-30T06:04:17,2023-07-30T18:30:02,Partially Cloudy,Good
Maradana Junction,2024-12-31,12:42,Minor Injury,Rear-end Collision,Reckless Driving,3,Lorry; Three Wheeler; Motorcycle,36-45,0,3,Moderate,"Maradana Junction, Colombo, Sri Lanka","Maradana Junction, Colombo, Sri Lanka","Maradana Junction, Colombo 01000, Sri Lanka",6.928874,79.8637428,Partially cloudy,0.0,6.9,84.8,61.7,2024-12-31T06:22:02,2024-12-31T18:05:39,Partially Cloudy,Good
Pettah Clock Tower Area,2022-12-22,14:18,Serious Injury,Rear-end Collision,Distracted Driving,2,Car; Bicycle,36-45,0,4,High,"Pettah Clock Tower Area, Colombo, Sri Lanka","Pettah Clock Tower Area, Colombo, Sri Lanka","Pettah, Colombo, Sri Lanka",6.9367858,79.8525385,"Rain, Partially cloudy",0.071,7.9,83.6,25.9,2022-12-22T06:17:33,2022-12-22T18:00:46,Light Rain,Good
High Level Road Kirulapone,2024-07-23,09:13,Fatal,Head-on Collision,Reckless Driving,1,Van,18-25,2,3,High,"High Level Road Kirulapone, Colombo, Sri Lanka","High Level Road Kirulapone, Colombo, Sri Lanka","High Level Rd, Colombo, Sri Lanka",6.8775584,79.8793098,"Rain, Partially cloudy",0.472,7.4,79.7,32.5,2024-07-23T06:03:33,2024-07-23T18:30:53,Light Rain,Good
Maradana Junction,2025-09-25,17:14,Fatal,Single Vehicle Crash,Driver Fatigue,1,Lorry,26-35,1,1,High,"Maradana Junction, Colombo, Sri Lanka","Maradana Junction, Colombo, Sri Lanka","Maradana Junction, Colombo 01000, Sri Lanka",6.928874,79.8637428,"Rain, Partially cloudy",0.634,6.8,82.4,32.7,2025-09-25T05:59:29,2025-09-25T18:05:15,Light Rain,Good
High Level Road Kirulapone,2025-05-05,07:46,Minor Injury,Multi-vehicle Collision,Failure to Yield,3,Three Wheeler; Lorry; Motorcycle,36-45,0,2,Low,"High Level Road Kirulapone, Colombo, Sri Lanka","High Level Road Kirulapone, Colombo, Sri Lanka","High Level Rd, Colombo, Sri Lanka",6.8775584,79.8793098,Partially cloudy,0.0,6.4,82.1,64.2,2025-05-05T05:55:49,2025-05-05T18:19:08,Partially Cloudy,Good
Sir Chittampalam A Gardiner Mawatha Fort,2024-02-28,03:34,Serious Injury,Motorcycle Collision,Pedestrian Negligence,2,Motorcycle; Lorry,36-45,0,6,High,"Sir Chittampalam A Gardiner Mawatha Fort, Colombo, Sri Lanka","Sir Chittampalam A Gardiner Mawatha Fort, Colombo, Sri Lanka","Sir Chittampalam A Gardiner Mawath, Colombo, Sri Lanka",6.9298377,79.8477933,Partially cloudy,0.0,7.6,65.5,28.4,2024-02-28T06:23:59,2024-02-28T18:22:49,Partially Cloudy,Good
Grandpass Junction,2025-09-25,17:18,Minor Injury,Multi-vehicle Collision,Reckless Driving,4,Motorcycle; Three Wheeler; Car; Bicycle,26-35,0,4,Moderate,"Grandpass Junction, Colombo, Sri Lanka","Grandpass Junction, Colombo, Sri Lanka","Grandpass Rd, Colombo, Sri Lanka",6.9432514,79.8685531,"Rain, Partially cloudy",0.634,6.8,82.4,32.7,2025-09-25T05:59:29,2025-09-25T18:05:15,Light Rain,Good
Mattakkuliya Junction,2025-08-23,19:58,Minor Injury,Rear-end Collision,Driver Fatigue,4,Three Wheeler; Bus; Motorcycle; Lorry,18-25,0,4,Low,"Mattakkuliya Junction, Colombo, Sri Lanka","Mattakkuliya Junction, Colombo, Sri Lanka","Mattakkuliya Brg, Colombo, Sri Lanka",6.9805611,79.875318,Partially cloudy,0.0,7.1,81.1,54.0,2025-08-23T06:04:20,2025-08-23T18:22:19,Partially Cloudy,Good
Kollupitiya Railway Station Area,2025-10-16,21:16,Minor Injury,Rear-end Collision,Driver Negligence,3,Motorcycle; Three Wheeler; Car,18-25,0,2,Low,"Kollupitiya Railway Station Area, Colombo, Sri Lanka","Kollupitiya Railway Station Area, Colombo, Sri Lanka","Kollupitiya Railway Station, Colombo, Sri Lanka",6.9112629,79.8481782,"Rain, Partially cloudy",0.543,7.4,82.7,38.4,2025-10-16T05:57:13,2025-10-16T17:55:13,Light Rain,Good
Pettah Market Area,2024-01-27,19:52,Minor Injury,Rear-end Collision,Unsafe Lane Change,2,Car; Motorcycle,36-45,0,1,Moderate,"Pettah Market Area, Colombo, Sri Lanka","Pettah Market Area, Colombo, Sri Lanka","WVP3+VMM, Keyzer St, Colombo 01100, Sri Lanka",6.937201699999999,79.854187,Clear,0.0,7.6,72.0,18.3,2024-01-27T06:29:09,2024-01-27T18:17:33,Clear,Good
Borella Junction,2024-06-29,07:18,Fatal,Motorcycle Collision,Reckless Driving,2,Motorcycle; Bicycle,18-25,1,4,Moderate,"Borella Junction, Colombo, Sri Lanka","Borella Junction, Colombo, Sri Lanka","18 Dr NM Perera Mawatha Rd, Colombo 00800, Sri Lanka",6.9139525,79.878481,Partially cloudy,0.002,7.8,76.8,52.5,2024-06-29T05:58:41,2024-06-29T18:29:51,Partially Cloudy,Good
Bambalapitiya Railway Station Area,2022-07-29,20:22,Minor Injury,Motorcycle Collision,Driver Negligence,2,Motorcycle; Van,18-25,0,3,High,"Bambalapitiya Railway Station Area, Colombo, Sri Lanka","Bambalapitiya Railway Station Area, Colombo, Sri Lanka","Bambalapitiya Railway Station, Colombo, Sri Lanka",6.8936984,79.8529574,Partially cloudy,0.004,9.6,87.4,45.5,2022-07-29T06:04:11,2022-07-29T18:30:09,Partially Cloudy,Good
Sir Chittampalam A Gardiner Mawatha Fort,2024-05-02,07:11,Minor Injury,Rear-end Collision,Reckless Driving,4,Lorry; Motorcycle; Three Wheeler; Car,18-25,0,2,Low,"Sir Chittampalam A Gardiner Mawatha Fort, Colombo, Sri Lanka","Sir Chittampalam A Gardiner Mawatha Fort, Colombo, Sri Lanka","Sir Chittampalam A Gardiner Mawath, Colombo, Sri Lanka",6.9298377,79.8477933,Partially cloudy,0.0,7.7,83.2,46.1,2024-05-02T05:56:30,2024-05-02T18:18:56,Partially Cloudy,Good
Union Place,2025-05-13,22:34,Minor Injury,Single Vehicle Crash,Reckless Driving,1,Motorcycle,18-25,0,4,Low,"Union Place, Colombo, Sri Lanka","Union Place, Colombo, Sri Lanka","Union Place, Colombo, Sri Lanka",6.922958299999999,79.8523572,"Rain, Partially cloudy",0.096,7.3,77.3,34.8,2025-05-13T05:54:18,2025-05-13T18:19:57,Light Rain,Good