Location,Date of Accident,Time of Accident,Accident Severity,Collision Type,Cause of Accident,Number of Vehicles,Vehicle Types,Driver Age Group,Number of Fatalities,Number of Injuries,Property Damage Level,location_standardized,location_name,formatted_address,latitude,longitude,conditions,precip,visibility,humidity,cloudcover,sunrise,sunset,weather_condition_label,visibility_level
Wellawatte Junction,2023-11-12,09:07,Fatal,Rear-end Collision,Overspeeding,1,Three Wheeler,26-35,1,1,Moderate,"Wellawatte Junction, Colombo, Sri Lanka","Wellawatte Junction, Colombo, Sri Lanka","Wellawatte, Colombo 00600, Sri Lanka",6.874092099999999,79.8604934,"Rain, Partially cloudy",1.171,7.9,89.8,65.7,2023-11-12T06:00:02,2023-11-12T17:49:24,Light Rain,Good
Galle Road Fort,2022-01-29,09:09,Serious Injury,Side-impact Collision,Overspeeding,1,Car,26-35,0,5,High,"Galle Road Fort, Colombo, Sri Lanka","Galle Road Fort, Colombo, Sri Lanka","Galle Buck Rd, Colombo, Sri Lanka",6.9363912,79.8415204,Clear,0.0,6.7,85.3,19.1,2022-01-29T06:29:16,2022-01-29T18:18:21,Clear,Good
Thalawathugoda Junction,2025-02-10,08:44,Fatal,Side-impact Collision,Distracted Driving,1,Motorcycle,26-35,1,2,High,"Thalawathugoda Junction, Colombo, Sri Lanka","Thalawathugoda Junction, Colombo, Sri Lanka","Thalawathugoda Junction, Ruhunupura, Sri Lanka",6.8763156,79.9353488,Clear,0.0,6.6,61.4,6.9,2025-02-10T06:28:35,2025-02-10T18:21:24,Clear,Good
"No. 102 Galle Road, Wellawatte, Colombo 06",2025-10-28,14:51,Serious Injury,Multi-vehicle Collision,Driver Fatigue,4,Car; Bus; Motorcycle; Three Wheeler,46-55,0,6,High,"No. 102 Galle Road, Wellawatte, Colombo 06, Colombo, Sri Lanka","No. 102 Galle Road, Wellawatte, Colombo 06, Colombo, Sri Lanka","102 Galle Rd, Colombo 00600, Sri Lanka",6.8748393,79.8610597,"Rain, Partially cloudy",0.21,7.3,73.7,32.8,2025-10-28T05:57:31,2025-10-28T17:51:21,Light Rain,Good
"Junction of Maliban Junction and Old Galle Road, Rathmalana",2025-09-29,20:45,Minor Injury,Pedestrian Collision,Failure to Yield,2,Motorcycle; Three Wheeler,26-35,0,1,High,"Junction of Maliban Junction and Old Galle Road, Rathmalana, Colombo, Sri Lanka","Junction of Maliban Junction and Old Galle Road, Rathmalana, Colombo, Sri Lanka","Old Galle Rd, Sri Lanka",6.7507376,79.9002198,"Rain, Partially cloudy",0.146,7.9,79.1,36.6,2025-09-29T05:58:53,2025-09-29T18:03:08,Light Rain,Good
Mattakkuliya Junction,2022-08-30,16:50,Minor Injury,Pedestrian Collision,Overspeeding,2,Motorcycle; Car,26-35,0,1,Low,"Mattakkuliya Junction, Colombo, Sri Lanka","Mattakkuliya Junction, Colombo, Sri Lanka","Mattakkuliya Brg, Colombo, Sri Lanka",6.9805611,79.875318,"Rain, Partially cloudy",0.938,8.0,86.9,37.1,2022-08-30T06:03:34,2022-08-30T18:19:10,Light Rain,Good
"Junction of Baseline Road and D R Wijewardena Mawatha, Colombo 09",2024-10-06,08:38,Minor Injury,Head-on Collision,Unsafe Lane Change,3,Bicycle; Motorcycle; Three Wheeler,26-35,0,1,Low,"Junction of Baseline Road and D R Wijewardena Mawatha, Colombo 09, Colombo, Sri Lanka","Junction of Baseline Road and D R Wijewardena Mawatha, Colombo 09, Colombo, Sri Lanka","WV7H+W24, Baseline Rd, Colombo, Sri Lanka",6.9147544,79.8775893,Partially cloudy,0.0,5.9,83.2,55.0,2024-10-06T05:57:56,2024-10-06T17:59:30,Partially Cloudy,Moderate
Dematagoda Junction,2023-03-16,19:00,Serious Injury,Pedestrian Collision,Mechanical Failure,2,Motorcycle; Three Wheeler,46-55,0,6,High,"Dematagoda Junction, Colombo, Sri Lanka","Dematagoda Junction, Colombo, Sri Lanka","Dematagoda Pl, Colombo, Sri Lanka",6.9293231,79.8764195,"Rain, Partially cloudy",0.555,8.2,83.2,72.4,2023-03-16T06:17:01,2023-03-16T18:21:58,Light Rain,Good
T B Jayah Mawatha Maradana,2024-06-22,17:56,Minor Injury,Pedestrian Collision,Poor Visibility,1,Motorcycle,56+,0,1,Low,"T B Jayah Mawatha Maradana, Colombo, Sri Lanka","T B Jayah Mawatha Maradana, Colombo, Sri Lanka","T. B. Jayah Mawatha, Colombo, Sri Lanka",6.9235871,79.8619082,"Rain, Partially cloudy",0.052,7.1,73.9,59.7,2024-06-22T05:57:05,2024-06-22T18:28:32,Light Rain,Good
Wellawatte Junction,2022-12-13,06:23,Minor Injury,Rear-end Collision,Driver Negligence,1,Motorcycle,26-35,0,4,Moderate,"Wellawatte Junction, Colombo, Sri Lanka","Wellawatte Junction, Colombo, Sri Lanka","Wellawatte, Colombo 00600, Sri Lanka",6.874092099999999,79.8604934,Clear,0.0,8.5,80.2,17.0,2022-12-13T06:13:00,2022-12-13T17:56:32,Clear,Good
Maradana Junction,2024-06-07,16:45,Fatal,Multi-vehicle Collision,Drunk Driving,4,Three Wheeler; Motorcycle; Car; Bicycle,18-25,2,8,High,"Maradana Junction, Colombo, Sri Lanka","Maradana Junction, Colombo, Sri Lanka","Maradana Junction, Colombo 01000, Sri Lanka",6.928874,79.8637428,"Rain, Partially cloudy",0.047,6.9,83.3,75.5,2024-06-07T05:54:20,2024-06-07T18:25:01,Light Rain,Good
Maradana Railway Station Area,2022-06-26,14:04,Minor Injury,Pedestrian Collision,Driver Negligence,2,Car; Bicycle,26-35,0,2,Low,"Maradana Railway Station Area, Colombo, Sri Lanka","Maradana Railway Station Area, Colombo, Sri Lanka","Maradana Railway Station, Jayantha Weerasekara Mawatha, Colombo 01000, Sri Lanka",6.92946,79.86511000000002,"Rain, Partially cloudy",0.137,7.9,79.9,21.5,2022-06-26T05:57:51,2022-06-26T18:29:12,Light Rain,Good
Bambalapitiya Junction,2022-03-30,23:15,Minor Injury,Pedestrian Collision,Overspeeding,1,Lorry,18-25,0,2,Moderate,"Bambalapitiya Junction, Colombo, Sri Lanka","Bambalapitiya Junction, Colombo, Sri Lanka","Bambalapitiya, Colombo 00500, Sri Lanka",6.8894192,79.8575468,Partially cloudy,0.009,7.9,80.3,22.9,2022-03-30T06:10:03,2022-03-30T18:20:27,Partially Cloudy,Good
Galle Road Fort,2025-02-27,08:36,Serious Injury,Side-impact Collision,Reckless Driving,2,Three Wheeler; Van,26-35,0,6,High,"Galle Road Fort, Colombo, Sri Lanka","Galle Road Fort, Colombo, Sri Lanka","Galle Buck Rd, Colombo, Sri Lanka",6.9363912,79.8415204,Partially cloudy,0.0,7.0,73.3,33.7,2025-02-27T06:24:05,2025-02-27T18:22:50,Partially Cloudy,Good
Wellawatte Junction,2025-07-27,19:29,Minor Injury,Side-impact Collision,Poor Visibility,2,Van; Three Wheeler,46-55,0,3,Low,"Wellawatte Junction, Colombo, Sri Lanka","Wellawatte Junction, Colombo, Sri Lanka","Wellawatte, Colombo 00600, Sri Lanka",6.874092099999999,79.8604934,Partially cloudy,0.0,6.8,77.3,32.4,2025-07-27T06:04:03,2025-07-27T18:30:27,Partially Cloudy,Good
Bauddhaloka Mawatha Havelock Town,2023-05-13,16:11,Serious Injury,Single Vehicle Crash,Drunk Driving,1,Car,36-45,0,5,Moderate,"Bauddhaloka Mawatha Havelock Town, Colombo, Sri Lanka","Bauddhaloka Mawatha Havelock Town, Colombo, Sri Lanka","Bauddhaloka Mawatha, Colombo, Sri Lanka",6.897011,79.8598172,"Rain, Partially cloudy",0.093,8.0,79.3,57.6,2023-05-13T05:54:21,2023-05-13T18:19:52,Light Rain,Good
Kollupitiya Junction,2025-06-13,07:04,Serious Injury,Motorcycle Collision,Reckless Driving,2,Motorcycle; Bus,36-45,0,6,Moderate,"Kollupitiya Junction, Colombo, Sri Lanka","Kollupitiya Junction, Colombo, Sri Lanka","Kollupitiya - Sri Jayewardenepura Rd, Colombo, Sri Lanka",6.9117245,79.8614617,"Rain, Partially cloudy",0.058,6.9,78.1,35.6,2025-06-13T05:55:14,2025-06-13T18:26:26,Light Rain,Good
Maradana Junction,2024-11-17,21:01,Minor Injury,Motorcycle Collision,Driver Negligence,2,Motorcycle; Car,18-25,0,3,Low,"Maradana Junction, Colombo, Sri Lanka","Maradana Junction, Colombo, Sri Lanka","Maradana Junction, Colombo 01000, Sri Lanka",6.928874,79.8637428,"Rain, Partially cloudy",0.071,5.9,85.3,42.4,2024-11-17T06:01:45,2024-11-17T17:49:35,Light Rain,Moderate
Armour Street Junction,2023-05-16,19:57,Minor Injury,Multi-vehicle Collision,Driver Negligence,3,Three Wheeler; Bicycle; Lorry,46-55,0,1,Moderate,"Armour Street Junction, Colombo, Sri Lanka","Armour Street Junction, Colombo, Sri Lanka","Armour St, Colombo, Sri Lanka",6.9424222,79.8637618,"Rain, Partially cloudy",0.01,8.4,83.0,51.5,2023-05-16T05:53:57,2023-05-16T18:20:16,Light Rain,Good
Battaramulla Town,2024-09-17,08:52,Minor Injury,Head-on Collision,Driver Negligence,2,Car; Motorcycle,18-25,0,3,Low,"Battaramulla Town, Colombo, Sri Lanka","Battaramulla Town, Colombo, Sri Lanka","Battaramulla, Sri Lanka",6.8979941,79.9222869,Partially cloudy,0.0,6.5,76.5,58.4,2024-09-17T06:00:45,2024-09-17T18:09:27,Partially Cloudy,Good
Dematagoda Junction,2025-12-07,19:33,Minor Injury,Rear-end Collision,Driver Negligence,2,Car; Van,56+,0,3,Low,"Dematagoda Junction, Colombo, Sri Lanka","Dematagoda Junction, Colombo, Sri Lanka","Dematagoda Pl, Colombo, Sri Lanka",6.9293231,79.8764195,"Rain, Partially cloudy",0.43,6.9,82.7,25.7,2025-12-07T06:10:09,2025-12-07T17:54:14,Light Rain,Good
Sir Chittampalam A Gardiner Mawatha Fort,2025-01-14,13:11,Serious Injury,Rear-end Collision,Unsafe Lane Change,2,Motorcycle; Car,56+,0,2,High,"Sir Chittampalam A Gardiner Mawatha Fort, Colombo, Sri Lanka","Sir Chittampalam A Gardiner Mawatha Fort, Colombo, Sri Lanka","Sir Chittampalam A Gardiner Mawath, Colombo, Sri Lanka",6.9298377,79.8477933,"Rain, Partially cloudy",0.022,7.2,88.9,77.1,2025-01-14T06:27:01,2025-01-14T18:12:36,Light Rain,Good
Mattakkuliya Junction,2025-11-06,17:03,Minor Injury,Motorcycle Collision,Driver Negligence,2,Motorcycle; Van,18-25,0,3,High,"Mattakkuliya Junction, Colombo, Sri Lanka","Mattakkuliya Junction, Colombo, Sri Lanka","Mattakkuliya Brg, Colombo, Sri Lanka",6.9805611,79.875318,"Rain, Partially cloudy",0.228,7.0,75.4,39.1,2025-11-06T05:58:47,2025-11-06T17:49:46,Light Rain,Good
Wellawatte Junction,2024-11-01,09:49,Minor Injury,Rear-end Collision,Poor Visibility,3,Motorcycle; Three Wheeler; Car,18-25,0,4,Moderate,"Wellawatte Junction, Colombo, Sri Lanka","Wellawatte Junction, Colombo, Sri Lanka","Wellawatte, Colombo 00600, Sri Lanka",6.874092099999999,79.8604934,Partially cloudy,0.008,6.9,86.5,55.6,2024-11-01T05:57:59,2024-11-01T17:50:26,Partially Cloudy,Good
Sea Street Kotahena,2023-12-21,16:25,Minor Injury,Pedestrian Collision,Unsafe Lane Change,2,Motorcycle; Three Wheeler,46-55,0,1,Low,"Sea Street Kotahena, Colombo, Sri Lanka","Sea Street Kotahena, Colombo, Sri Lanka","Sea St, Colombo 01300, Sri Lanka",6.9418464,79.8542501,"Rain, Partially cloudy",0.743,7.6,82.0,43.6,2023-12-21T06:16:57,2023-12-21T18:00:09,Light Rain,Good
Maradana Railway Station Area,2022-02-19,14:28,Serious Injury,Side-impact Collision,Distracted Driving,1,Three Wheeler,56+,0,6,High,"Maradana Railway Station Area, Colombo, Sri Lanka","Maradana Railway Station Area, Colombo, Sri Lanka","Maradana Railway Station, Jayantha Weerasekara Mawatha, Colombo 01000, Sri Lanka",6.92946,79.86511000000002,"Rain, Partially cloudy",4.689,6.5,89.7,23.1,2022-02-19T06:26:42,2022-02-19T18:22:28,Light Rain,Good
High Level Road Kirulapone,2023-11-06,09:34,Minor Injury,Multi-vehicle Collision,Overspeeding,3,Motorcycle; Bus; Lorry,46-55,0,3,Moderate,"High Level Road Kirulapone, Colombo, Sri Lanka","High Level Road Kirulapone, Colombo, Sri Lanka","High Level Rd, Colombo, Sri Lanka",6.8775584,79.8793098,"Rain, Partially cloudy",4.384,8.2,87.3,58.6,2023-11-06T05:58:40,2023-11-06T17:49:48,Light Rain,Good
"No. 55 Dharmapala Mawatha, Colombo 07",2025-10-08,07:41,Minor Injury,Motorcycle Collision,Distracted Driving,2,Motorcycle; Bicycle,46-55,0,1,Moderate,"No. 55 Dharmapala Mawatha, Colombo 07, Colombo, Sri Lanka","No. 55 Dharmapala Mawatha, Colombo 07, Colombo, Sri Lanka","55 Srimath Anagarika Dharmapala Mawatha, Colombo 00300, Sri Lanka",6.9127781,79.8532601,"Rain, Partially cloudy",0.111,7.0,75.6,29.5,2025-10-08T05:57:46,2025-10-08T17:58:40,Light Rain,Good
Sea Street Pettah,2025-07-21,07:31,Serious Injury,Rear-end Collision,Overspeeding,2,Bus; Car,18-25,0,5,Low,"Sea Street Pettah, Colombo, Sri Lanka","Sea Street Pettah, Colombo, Sri Lanka","Sea St, Colombo 01300, Sri Lanka",6.9418464,79.8542501,Partially cloudy,0.0,6.8,79.8,40.9,2025-07-21T06:03:13,2025-07-21T18:31:05,Partially Cloudy,Good
Panchikawatte,2022-06-17,10:23,Minor Injury,Pedestrian Collision,Driver Fatigue,1,Motorcycle,18-25,0,1,Moderate,"Panchikawatte, Colombo, Sri Lanka","Panchikawatte, Colombo, Sri Lanka","Panchikawatta, Colombo 01000, Sri Lanka",6.9309682,79.8639835,"Rain, Partially cloudy",0.27,8.1,84.0,32.7,2022-06-17T05:55:54,2022-06-17T18:27:17,Light Rain,Good
Union Place Slave Island,2022-10-31,19:51,Minor Injury,Single Vehicle Crash,Distracted Driving,1,Three Wheeler,36-45,0,4,Low,"Union Place Slave Island, Colombo, Sri Lanka","Union Place Slave Island, Colombo, Sri Lanka","Union Pl, Colombo, Sri Lanka",6.9203664,79.8578057,Partially cloudy,0.008,8.5,78.8,28.8,2022-10-31T05:57:46,2022-10-31T17:50:43,Partially Cloudy,Good
Ibbanwala Junction,2025-03-04,18:39,Minor Injury,Motorcycle Collision,Driver Negligence,3,Motorcycle; Car; Bicycle,46-55,0,3,Low,"Ibbanwala Junction, Colombo, Sri Lanka","Ibbanwala Junction, Colombo, Sri Lanka","Ibbanwala, Colombo, Sri Lanka",6.917642,79.8597831,"Rain, Partially cloudy",0.115,6.3,78.9,24.4,2025-03-04T06:22:09,2025-03-04T18:22:45,Light Rain,Good
Sri Jayawardenepura Kotte Junction,2023-09-02,21:43,Minor Injury,Rear-end Collision,Poor Visibility,1,Car,26-35,0,2,Low,"Sri Jayawardenepura Kotte Junction, Colombo, Sri Lanka","Sri Jayawardenepura Kotte Junction, Colombo, Sri Lanka","Kotte - Bope Rd, Sri Lanka",6.86535,80.022372,"Rain, Partially cloudy",1.242,7.4,88.2,81.9,2023-09-02T06:03:14,2023-09-02T18:17:49,Light Rain,Good
Sir Chittampalam A Gardiner Mawatha Fort,2025-02-20,07:50,Minor Injury,Rear-end Collision,Unsafe Lane Change,2,Lorry; Three Wheeler,26-35,0,2,Low,"Sir Chittampalam A Gardiner Mawatha Fort, Colombo, Sri Lanka","Sir Chittampalam A Gardiner Mawatha Fort, Colombo, Sri Lanka","Sir Chittampalam A Gardiner Mawath, Colombo, Sri Lanka",6.9298377,79.8477933,Clear,0.0,6.0,65.2,8.8,2025-02-20T06:26:22,2025-02-20T18:22:36,Clear,Moderate
Union Place,2023-04-28,22:05,Minor Injury,Rear-end Collision,Driver Negligence,1,Van,18-25,0,3,High,"Union Place, Colombo, Sri Lanka","Union Place, Colombo, Sri Lanka","Union Place, Colombo, Sri Lanka",6.922958299999999,79.8523572,"Rain, Partially cloudy",1.801,7.6,87.9,58.7,2023-04-28T05:57:52,2023-04-28T18:18:45,Light Rain,Good
High Level Road Kirulapone,2025-02-28,04:26,Serious Injury,Multi-vehicle Collision,Reckless Driving,3,Motorcycle; Car; Bicycle,36-45,0,4,High,"High Level Road Kirulapone, Colombo, Sri Lanka","High Level Road Kirulapone, Colombo, Sri Lanka","High Level Rd, Colombo, Sri Lanka",6.8775584,79.8793098,"Rain, Partially cloudy",0.011,8.6,81.9,35.6,2025-02-28T06:23:43,2025-02-28T18:22:50,Light Rain,Good
Slave Island Junction,2022-05-30,08:21,Serious Injury,Rear-end Collision,Distracted Driving,2,Three Wheeler; Motorcycle,18-25,0,2,Moderate,"Slave Island Junction, Colombo, Sri Lanka","Slave Island Junction, Colombo, Sri Lanka","Kompannavidiya Flyover, Colombo, Sri Lanka",6.9266493,79.8483123,"Rain, Partially cloudy",0.728,7.5,88.0,34.4,2022-05-30T05:53:31,2022-05-30T18:22:59,Light Rain,Good
Galle Road Kollupitiya,2023-08-05,17:09,Minor Injury,Multi-vehicle Collision,Reckless Driving,3,Car; Three Wheeler; Motorcycle,18-25,0,2,Low,"Galle Road Kollupitiya, Colombo, Sri Lanka","Galle Road Kollupitiya, Colombo, Sri Lanka","Galle Rd, Colombo, Sri Lanka",6.9037968,79.8521362,"Rain, Partially cloudy",0.021,8.1,78.4,53.3,2023-08-05T06:04:43,2023-08-05T18:28:46,Light Rain,Good
Mattakkuliya Junction,2024-01-01,18:36,Serious Injury,Motorcycle Collision,Distracted Driving,4,Motorcycle; Bicycle; Three Wheeler; Van,36-45,0,3,High,"Mattakkuliya Junction, Colombo, Sri Lanka","Mattakkuliya Junction, Colombo, Sri Lanka","Mattakkuliya Brg, Colombo, Sri Lanka",6.9805611,79.875318,"Rain, Partially cloudy",0.644,6.7,88.1,71.2,2024-01-01T06:22:07,2024-01-01T18:05:46,Light Rain,Good
Duplication Road Bambalapitiya,2025-03-08,07:23,Serious Injury,Single Vehicle Crash,Reckless Driving,1,Lorry,26-35,0,2,High,"Duplication Road Bambalapitiya, Colombo, Sri Lanka","Duplication Road Bambalapitiya, Colombo, Sri Lanka","450 E R. A. De Mel Mawatha, Colombo 00200, Sri Lanka",6.9024028,79.8545389,Clear,0.0,5.6,70.0,8.9,2025-03-08T06:20:28,2025-03-08T18:22:34,Clear,Moderate
Ibbanwala Junction,2025-02-23,08:01,Fatal,Multi-vehicle Collision,Driver Fatigue,4,Lorry; Motorcycle; Bicycle; Van,26-35,2,4,Moderate,"Ibbanwala Junction, Colombo, Sri Lanka","Ibbanwala Junction, Colombo, Sri Lanka","Ibbanwala, Colombo, Sri Lanka",6.917642,79.8597831,Clear,0.0,6.5,68.4,11.0,2025-02-23T06:25:27,2025-02-23T18:22:45,Clear,Good
Beira Lake Road Colombo 02,2025-11-07,08:47,Minor Injury,Pedestrian Collision,Overspeeding,1,Motorcycle,26-35,0,2,Low,"Beira Lake Road Colombo 02, Colombo, Sri Lanka","Beira Lake Road Colombo 02, Colombo, Sri Lanka","Beira Lake, Colombo, Sri Lanka",6.929434499999999,79.8541822,"Rain, Partially cloudy",0.068,6.8,77.9,39.3,2025-11-07T05:58:59,2025-11-07T17:49:40,Light Rain,Good
Maradana Junction,2024-03-24,16:46,Minor Injury,Multi-vehicle Collision,Overspeeding,3,Car; Motorcycle; Three Wheeler,26-35,0,2,Low,"Maradana Junction, Colombo, Sri Lanka","Maradana Junction, Colombo, Sri Lanka","Maradana Junction, Colombo 01000, Sri Lanka",6.928874,79.8637428,Partially cloudy,0.008,6.3,84.8,49.9,2024-03-24T06:12:46,2024-03-24T18:21:05,Partially Cloudy,Good
Pettah Market Area,2022-12-01,11:08,Minor Injury,Rear-end Collision,Reckless Driving,2,Motorcycle; Car,18-25,0,3,Low,"Pettah Market Area, Colombo, Sri Lanka","Pettah Market Area, Colombo, Sri Lanka","WVP3+VMM, Keyzer St, Colombo 01100, Sri Lanka",6.937201699999999,79.854187,Clear,0.004,8.6,78.7,19.7,2022-12-01T06:07:07,2022-12-01T17:52:07,Clear,Good
Duplication Road Bambalapitiya,2024-10-06,23:28,Serious Injury,Side-impact Collision,Driver Negligence,2,Bus; Car,18-25,0,2,High,"Duplication Road Bambalapitiya, Colombo, Sri Lanka","Duplication Road Bambalapitiya, Colombo, Sri Lanka","450 E R. A. De Mel Mawatha, Colombo 00200, Sri Lanka",6.9024028,79.8545389,Partially cloudy,0.0,5.9,83.2,55.0,2024-10-06T05:57:56,2024-10-06T17:59:30,Partially Cloudy,Moderate
"Junction of De Saram Road and Hospital Road, Dehiwela",2022-10-02,19:53,Minor Injury,Multi-vehicle Collision,Overspeeding,3,Three Wheeler; Van; Lorry,26-35,0,2,Moderate,"Junction of De Saram Road and Hospital Road, Dehiwela, Colombo, Sri Lanka","Junction of De Saram Road and Hospital Road, Dehiwela, Colombo, Sri Lanka","Hospital Rd, Colombo, Sri Lanka",6.8648594,79.8703535,Partially cloudy,0.0,8.5,78.2,32.8,2022-10-02T05:58:28,2022-10-02T18:01:42,Partially Cloudy,Good
Sea Street Kotahena,2023-01-01,22:59,Minor Injury,Single Vehicle Crash,Driver Negligence,1,Three Wheeler,36-45,0,1,Low,"Sea Street Kotahena, Colombo, Sri Lanka","Sea Street Kotahena, Colombo, Sri Lanka","Sea St, Colombo 01300, Sri Lanka",6.9418464,79.8542501,Partially cloudy,0.0,8.3,69.3,33.5,2023-01-01T06:22:13,2023-01-01T18:05:53,Partially Cloudy,Good
Narahenpita Junction,2024-11-30,12:55,Minor Injury,Pedestrian Collision,Driver Negligence,1,Lorry,26-35,0,1,Low,"Narahenpita Junction, Colombo, Sri Lanka","Narahenpita Junction, Colombo, Sri Lanka","Narahenpita, Colombo 00500, Sri Lanka",6.8899209,79.8826281,Overcast,0.008,3.7,93.5,98.5,2024-11-30T06:06:55,2024-11-30T17:51:59,Overcast,Moderate
Borella Junction,2025-09-23,21:22,Minor Injury,Motorcycle Collision,Reckless Driving,2,Motorcycle; Bicycle,26-35,0,2,Low,"Borella Junction, Colombo, Sri Lanka","Borella Junction, Colombo, Sri Lanka","18 Dr NM Perera Mawatha Rd, Colombo 00800, Sri Lanka",6.9139525,79.878481,"Rain, Partially cloudy",0.12,8.1,74.0,27.9,2025-09-23T05:59:48,2025-09-23T18:06:20,Light Rain,Good
Maya Avenue Junction,2024-02-03,09:15,Minor Injury,Pedestrian Collision,Poor Visibility,1,Motorcycle,26-35,0,2,Moderate,"Maya Avenue Junction, Colombo, Sri Lanka","Maya Avenue Junction, Colombo, Sri Lanka","Maya Ave, Colombo 00500, Sri Lanka",6.8798254,79.870857,"Rain, Partially cloudy",0.101,5.4,82.4,30.3,2024-02-03T06:29:18,2024-02-03T18:19:41,Light Rain,Moderate
Union Place Slave Island,2025-05-07,09:53,Serious Injury,Multi-vehicle Collision,Driver Negligence,2,Three Wheeler; Van,26-35,0,2,Moderate,"Union Place Slave Island, Colombo, Sri Lanka","Union Place Slave Island, Colombo, Sri Lanka","Union Pl, Colombo, Sri Lanka",6.9203664,79.8578057,"Rain, Partially cloudy",0.086,7.1,85.2,72.1,2025-05-07T05:55:22,2025-05-07T18:19:17,Light Rain,Good
Borella Junction,2024-12-21,07:19,Minor Injury,Rear-end Collision,Driver Fatigue,2,Bicycle; Three Wheeler,36-45,0,3,Moderate,"Borella Junction, Colombo, Sri Lanka","Borella Junction, Colombo, Sri Lanka","18 Dr NM Perera Mawatha Rd, Colombo 00800, Sri Lanka",6.9139525,79.878481,Partially cloudy,0.007,6.6,85.5,62.8,2024-12-21T06:17:20,2024-12-21T18:00:32,Partially Cloudy,Good
Mattakkuliya Junction,2022-11-18,18:14,Serious Injury,Rear-end Collision,Distracted Driving,1,Car,18-25,0,2,Low,"Mattakkuliya Junction, Colombo, Sri Lanka","Mattakkuliya Junction, Colombo, Sri Lanka","Mattakkuliya Brg, Colombo, Sri Lanka",6.9805611,79.875318,Clear,0.0,7.7,76.0,11.4,2022-11-18T06:01:54,2022-11-18T17:49:37,Clear,Good
High Level Road Maharagama,2022-10-20,07:28,Minor Injury,Rear-end Collision,Distracted Driving,1,Motorcycle,26-35,0,3,Low,"High Level Road Maharagama, Colombo, Sri Lanka","High Level Road Maharagama, Colombo, Sri Lanka","High Level Rd, Maharagama, Sri Lanka",6.8491609,79.9243239,"Rain, Partially cloudy",0.051,8.2,80.7,32.5,2022-10-20T05:57:07,2022-10-20T17:53:48,Light Rain,Good
Havelock Place Area,2024-03-30,18:21,Serious Injury,Motorcycle Collision,Unsafe Lane Change,2,Motorcycle; Car,26-35,0,6,High,"Havelock Place Area, Colombo, Sri Lanka","Havelock Place Area, Colombo, Sri Lanka","Havelock Pl, Colombo 00500, Sri Lanka",6.8854515,79.8658603,"Rain, Partially cloudy",0.076,14.7,77.6,32.5,2024-03-30T06:09:49,2024-03-30T18:20:25,Light Rain,Good
Fort Railway Station Area,2023-10-29,12:17,Minor Injury,Motorcycle Collision,Distracted Driving,3,Motorcycle; Lorry; Car,56+,0,2,Moderate,"Fort Railway Station Area, Colombo, Sri Lanka","Fort Railway Station Area, Colombo, Sri Lanka","Fort Railway station, Colombo, Sri Lanka",6.9337011,79.85003019999999,"Rain, Partially cloudy",1.233,8.3,86.5,58.0,2023-10-29T05:57:32,2023-10-29T17:51:13,Light Rain,Good
Sea Street Kotahena,2025-11-12,03:40,Minor Injury,Rear-end Collision,Driver Negligence,1,Car,18-25,0,1,Low,"Sea Street Kotahena, Colombo, Sri Lanka","Sea Street Kotahena, Colombo, Sri Lanka","Sea St, Colombo 01300, Sri Lanka",6.9418464,79.8542501,"Rain, Partially cloudy",0.365,7.0,80.0,33.7,2025-11-12T06:00:11,2025-11-12T17:49:25,Light Rain,Good
Grandpass Junction,2024-12-26,13:51,Minor Injury,Side-impact Collision,Unsafe Lane Change,2,Bus; Bicycle,26-35,0,1,Low,"Grandpass Junction, Colombo, Sri Lanka","Grandpass Junction, Colombo, Sri Lanka","Grandpass Rd, Colombo, Sri Lanka",6.9432514,79.8685531,Partially cloudy,0.004,6.5,79.4,25.0,2024-12-26T06:19:46,2024-12-26T18:03:04,Partially Cloudy,Good
Darley Road Cinnamon Gardens,2025-02-24,06:40,Minor Injury,Pedestrian Collision,Driver Negligence,2,Bus; Motorcycle,36-45,0,1,Low,"Darley Road Cinnamon Gardens, Colombo, Sri Lanka","Darley Road Cinnamon Gardens, Colombo, Sri Lanka","Darley Rd, Colombo, Sri Lanka",6.9228616,79.8620451,Clear,0.0,6.5,66.9,11.9,2025-02-24T06:25:07,2025-02-24T18:22:47,Clear,Good