Location,Date of Accident,Time of Accident,Accident Severity,Collision Type,Cause of Accident,Number of Vehicles,Vehicle Types,Driver Age Group,Number of Fatalities,Number of Injuries,Property Damage Level,location_standardized,location_name,formatted_address,latitude,longitude,conditions,precip,visibility,humidity,cloudcover,sunrise,sunset,weather_condition_label,visibility_level
Darley Road Cinnamon Gardens,2022-06-23,10:47,Minor Injury,Pedestrian Collision,Driver Negligence,1,Motorcycle,46-55,0,2,Low,"Darley Road Cinnamon Gardens, Colombo, Sri Lanka","Darley Road Cinnamon Gardens, Colombo, Sri Lanka","Darley Rd, Colombo, Sri Lanka",6.9228616,79.8620451,"Rain, Partially cloudy",0.265,8.0,81.5,26.7,2022-06-23T05:57:10,2022-06-23T18:28:36,Light Rain,Good
Bambalapitiya Railway Station Area,2024-08-19,02:26,Minor Injury,Multi-vehicle Collision,Distracted Driving,3,Motorcycle; Car; Bicycle,26-35,0,2,High,"Bambalapitiya Railway Station Area, Colombo, Sri Lanka","Bambalapitiya Railway Station Area, Colombo, Sri Lanka","Bambalapitiya Railway Station, Colombo, Sri Lanka",6.8936984,79.8529574,Partially cloudy,0.0,5.9,84.2,72.8,2024-08-19T06:04:36,2024-08-19T18:23:54,Partially Cloudy,Moderate
Union Place Slave Island,2023-08-28,14:35,Minor Injury,Rear-end Collision,Overspeeding,2,Car; Motorcycle,26-35,0,2,Low,"Union Place Slave Island, Colombo, Sri Lanka","Union Place Slave Island, Colombo, Sri Lanka","Union Pl, Colombo, Sri Lanka",6.9203664,79.8578057,"Rain, Partially cloudy",0.13,8.2,79.5,50.9,2023-08-28T06:03:51,2023-08-28T18:20:15,Light Rain,Good
Bauddhaloka Mawatha Cinnamon Gardens,2022-12-11,10:37,Serious Injury,Single Vehicle Crash,Reckless Driving,1,Car,46-55,0,6,High,"Bauddhaloka Mawatha Cinnamon Gardens, Colombo, Sri Lanka","Bauddhaloka Mawatha Cinnamon Gardens, Colombo, Sri Lanka","Bauddhaloka Mawatha, Colombo 00700, Sri Lanka",6.901932,79.8694402,"Rain, Partially cloudy",1.479,7.2,85.9,35.7,2022-12-11T06:11:59,2022-12-11T17:55:41,Light Rain,Good
Ibbanwala Junction,2023-07-16,08:39,Minor Injury,Side-impact Collision,Driver Negligence,4,Car; Bicycle; Motorcycle; Three Wheeler,36-45,0,2,Moderate,"Ibbanwala Junction, Colombo, Sri Lanka","Ibbanwala Junction, Colombo, Sri Lanka","Ibbanwala, Colombo, Sri Lanka",6.917642,79.8597831,Partially cloudy,0.004,8.2,80.4,63.0,2023-07-16T06:02:14,2023-07-16T18:31:15,Partially Cloudy,Good
Maradana Railway Station Area,2022-12-12,16:19,Serious Injury,Motorcycle Collision,Unsafe Lane Change,2,Motorcycle; Car,18-25,0,4,Moderate,"Maradana Railway Station Area, Colombo, Sri Lanka","Maradana Railway Station Area, Colombo, Sri Lanka","Maradana Railway Station, Jayantha Weerasekara Mawatha, Colombo 01000, Sri Lanka",6.92946,79.86511000000002,Rain,0.299,7.0,83.8,17.7,2022-12-12T06:12:30,2022-12-12T17:56:06,Light Rain,Good
Depanama Junction,2024-08-21,23:52,Minor Injury,Head-on Collision,Driver Negligence,1,Van,18-25,0,4,Low,"Depanama Junction, Colombo, Sri Lanka","Depanama Junction, Colombo, Sri Lanka","Colombo, Sri Lanka",6.9270786,79.861243,"Rain, Partially cloudy",0.028,5.3,89.1,78.1,2024-08-21T06:04:28,2024-08-21T18:23:04,Light Rain,Moderate
Panchikawatte,2025-01-29,18:01,Serious Injury,Rear-end Collision,Driver Negligence,4,Three Wheeler; Motorcycle; Van; Bicycle,36-45,0,3,High,"Panchikawatte, Colombo, Sri Lanka","Panchikawatte, Colombo, Sri Lanka","Panchikawatta, Colombo 01000, Sri Lanka",6.9309682,79.8639835,Partially cloudy,0.007,4.6,73.7,33.4,2025-01-29T06:29:19,2025-01-29T18:18:28,Partially Cloudy,Moderate
Modara Junction,2023-02-08,05:10,Minor Injury,Pedestrian Collision,Mechanical Failure,1,Motorcycle,18-25,0,1,Low,"Modara Junction, Colombo, Sri Lanka","Modara Junction, Colombo, Sri Lanka","Modara, Colombo, Sri Lanka",6.9669247,79.8711533,Partially cloudy,0.0,8.1,79.6,37.5,2023-02-08T06:28:54,2023-02-08T18:20:54,Partially Cloudy,Good
Armour Street Junction,2024-06-18,17:44,Minor Injury,Motorcycle Collision,Unsafe Lane Change,2,Motorcycle; Three Wheeler,56+,0,3,Low,"Armour Street Junction, Colombo, Sri Lanka","Armour Street Junction, Colombo, Sri Lanka","Armour St, Colombo, Sri Lanka",6.9424222,79.8637618,"Rain, Partially cloudy",0.196,7.2,80.1,57.4,2024-06-18T05:56:14,2024-06-18T18:27:39,Light Rain,Good
Thimbirigasyaya Junction,2023-02-17,18:37,Minor Injury,Multi-vehicle Collision,Unsafe Lane Change,3,Motorcycle; Car; Bus,56+,0,1,Low,"Thimbirigasyaya Junction, Colombo, Sri Lanka","Thimbirigasyaya Junction, Colombo, Sri Lanka","Thimbirigasyaya Rd, Colombo 00500, Sri Lanka",6.8936437,79.8704269,Partially cloudy,0.0,7.7,72.5,32.9,2023-02-17T06:27:17,2023-02-17T18:22:17,Partially Cloudy,Good
Pettah Clock Tower Area,2025-11-22,09:33,Minor Injury,Motorcycle Collision,Driver Negligence,2,Motorcycle; Car,36-45,0,1,Moderate,"Pettah Clock Tower Area, Colombo, Sri Lanka","Pettah Clock Tower Area, Colombo, Sri Lanka","Pettah, Colombo, Sri Lanka",6.9367858,79.8525385,"Rain, Partially cloudy",1.668,6.7,79.0,31.9,2025-11-22T06:03:28,2025-11-22T17:50:10,Light Rain,Good
Kotahena Junction,2024-05-31,15:14,Fatal,Multi-vehicle Collision,Driver Fatigue,4,Bus; Three Wheeler; Car; Motorcycle,18-25,2,4,High,"Kotahena Junction, Colombo, Sri Lanka","Kotahena Junction, Colombo, Sri Lanka","Kotahena St, Colombo 01300, Sri Lanka",6.9494699,79.8626776,Partially cloudy,0.0,6.8,79.2,85.4,2024-05-31T05:53:38,2024-05-31T18:23:21,Partially Cloudy,Good
Rajagiriya Junction,2024-06-20,23:39,Minor Injury,Rear-end Collision,Distracted Driving,1,Motorcycle,26-35,0,1,High,"Rajagiriya Junction, Colombo, Sri Lanka","Rajagiriya Junction, Colombo, Sri Lanka","Rajagiriya Rd, Sri Lanka",6.91574,79.8957611,"Rain, Partially cloudy",0.369,7.0,82.9,84.2,2024-06-20T05:56:39,2024-06-20T18:28:06,Light Rain,Good
Fort Railway Station Area,2023-05-08,06:07,Minor Injury,Side-impact Collision,Poor Visibility,3,Motorcycle; Three Wheeler; Van,18-25,0,2,Low,"Fort Railway Station Area, Colombo, Sri Lanka","Fort Railway Station Area, Colombo, Sri Lanka","Fort Railway station, Colombo, Sri Lanka",6.9337011,79.85003019999999,"Rain, Partially cloudy",0.108,7.9,82.3,69.6,2023-05-08T05:55:14,2023-05-08T18:19:19,Light Rain,Good
Galle Road Kollupitiya,2023-03-14,17:59,Minor Injury,Single Vehicle Crash,Driver Negligence,1,Three Wheeler,36-45,0,4,Low,"Galle Road Kollupitiya, Colombo, Sri Lanka","Galle Road Kollupitiya, Colombo, Sri Lanka","Galle Rd, Colombo, Sri Lanka",6.9037968,79.8521362,"Rain, Partially cloudy",0.112,7.5,81.1,37.6,2023-03-14T06:17:57,2023-03-14T18:22:09,Light Rain,Good
Pamankada Junction,2022-09-13,03:52,Fatal,Pedestrian Collision,Driver Negligence,2,Motorcycle; Car,26-35,1,5,High,"Pamankada Junction, Colombo, Sri Lanka","Pamankada Junction, Colombo, Sri Lanka","Pamankada Ln, Colombo, Sri Lanka",6.8756803,79.8676529,Partially cloudy,0.002,7.9,79.2,24.7,2022-09-13T06:01:29,2022-09-13T18:11:53,Partially Cloudy,Good
Dematagoda Junction,2024-07-12,13:24,Minor Injury,Motorcycle Collision,Driver Fatigue,2,Motorcycle; Three Wheeler,18-25,0,1,Moderate,"Dematagoda Junction, Colombo, Sri Lanka","Dematagoda Junction, Colombo, Sri Lanka","Dematagoda Pl, Colombo, Sri Lanka",6.9293231,79.8764195,"Rain, Partially cloudy",0.037,7.3,78.8,77.4,2024-07-12T06:01:36,2024-07-12T18:31:12,Light Rain,Good
Justice Akbar Mawatha Slave Island,2023-01-29,08:33,Minor Injury,Rear-end Collision,Reckless Driving,2,Motorcycle; Car,36-45,0,2,Low,"Justice Akbar Mawatha Slave Island, Colombo, Sri Lanka","Justice Akbar Mawatha Slave Island, Colombo, Sri Lanka","Justice Akbar Mawatha, Colombo, Sri Lanka",6.9238481,79.8503668,Partially cloudy,0.0,5.4,77.5,57.7,2023-01-29T06:29:16,2023-01-29T18:18:17,Partially Cloudy,Moderate
Slave Island Junction,2023-06-29,17:23,Serious Injury,Multi-vehicle Collision,Overspeeding,3,Lorry; Three Wheeler; Car,26-35,0,2,High,"Slave Island Junction, Colombo, Sri Lanka","Slave Island Junction, Colombo, Sri Lanka","Kompannavidiya Flyover, Colombo, Sri Lanka",6.9266493,79.8483123,"Rain, Partially cloudy",1.276,8.7,85.7,69.0,2023-06-29T05:58:30,2023-06-29T18:29:42,Light Rain,Good
Narahenpita Junction,2023-09-29,07:23,Serious Injury,Multi-vehicle Collision,Reckless Driving,4,Motorcycle; Three Wheeler; Bus; Bicycle,18-25,0,4,High,"Narahenpita Junction, Colombo, Sri Lanka","Narahenpita Junction, Colombo, Sri Lanka","Narahenpita, Colombo 00500, Sri Lanka",6.8899209,79.8826281,"Rain, Partially cloudy",6.049,7.3,90.3,81.5,2023-09-29T05:58:56,2023-09-29T18:03:23,Heavy Rain,Good
Bauddhaloka Mawatha Cinnamon Gardens,2025-05-06,16:22,Serious Injury,Pedestrian Collision,Overspeeding,1,Motorcycle,36-45,0,5,High,"Bauddhaloka Mawatha Cinnamon Gardens, Colombo, Sri Lanka","Bauddhaloka Mawatha Cinnamon Gardens, Colombo, Sri Lanka","Bauddhaloka Mawatha, Colombo 00700, Sri Lanka",6.901932,79.8694402,"Rain, Partially cloudy",1.575,7.0,82.7,47.8,2025-05-06T05:55:35,2025-05-06T18:19:12,Light Rain,Good
Mattakkuliya Junction,2023-06-13,21:39,Minor Injury,Side-impact Collision,Distracted Driving,1,Motorcycle,18-25,0,1,Low,"Mattakkuliya Junction, Colombo, Sri Lanka","Mattakkuliya Junction, Colombo, Sri Lanka","Mattakkuliya Brg, Colombo, Sri Lanka",6.9805611,79.875318,"Rain, Partially cloudy",0.49,7.7,86.0,65.9,2023-06-13T05:55:07,2023-06-13T18:26:17,Light Rain,Good
"No. 78 High Level Road, Gangodawila, Nugegoda",2024-02-28,21:32,Serious Injury,Side-impact Collision,Overspeeding,4,Motorcycle; Three Wheeler; Van; Car,46-55,0,4,Moderate,"No. 78 High Level Road, Gangodawila, Nugegoda, Colombo, Sri Lanka","No. 78 High Level Road, Gangodawila, Nugegoda, Colombo, Sri Lanka","78 High Level Rd, Maharagama, Sri Lanka",6.8562373,79.91109449999999,Partially cloudy,0.0,7.6,65.5,28.4,2024-02-28T06:23:59,2024-02-28T18:22:49,Partially Cloudy,Good
Panchikawatte,2025-04-22,04:16,Minor Injury,Single Vehicle Crash,Distracted Driving,1,Three Wheeler,26-35,0,3,Low,"Panchikawatte, Colombo, Sri Lanka","Panchikawatte, Colombo, Sri Lanka","Panchikawatta, Colombo 01000, Sri Lanka",6.9309682,79.8639835,"Rain, Partially cloudy",0.147,7.3,78.0,42.2,2025-04-22T05:59:46,2025-04-22T18:18:47,Light Rain,Good
Borella Junction,2024-03-13,16:33,Fatal,Side-impact Collision,Poor Visibility,2,Three Wheeler; Bicycle,36-45,1,5,Moderate,"Borella Junction, Colombo, Sri Lanka","Borella Junction, Colombo, Sri Lanka","18 Dr NM Perera Mawatha Rd, Colombo 00800, Sri Lanka",6.9139525,79.878481,Partially cloudy,0.0,5.7,77.5,27.1,2024-03-13T06:18:05,2024-03-13T18:22:11,Partially Cloudy,Moderate
Slave Island Junction,2025-02-04,12:10,Minor Injury,Pedestrian Collision,Unsafe Lane Change,1,Motorcycle,56+,0,2,Low,"Slave Island Junction, Colombo, Sri Lanka","Slave Island Junction, Colombo, Sri Lanka","Kompannavidiya Flyover, Colombo, Sri Lanka",6.9266493,79.8483123,Clear,0.0,6.1,69.2,13.1,2025-02-04T06:29:14,2025-02-04T18:20:08,Clear,Good
High Level Road Kirulapone,2023-12-12,07:59,Minor Injury,Pedestrian Collision,Unsafe Lane Change,1,Motorcycle,46-55,0,2,Low,"High Level Road Kirulapone, Colombo, Sri Lanka","High Level Road Kirulapone, Colombo, Sri Lanka","High Level Rd, Colombo, Sri Lanka",6.8775584,79.8793098,"Rain, Partially cloudy",1.131,7.8,84.0,57.2,2023-12-12T06:12:23,2023-12-12T17:56:00,Light Rain,Good
Fort Bus Stand Area,2024-07-28,08:04,Minor Injury,Multi-vehicle Collision,Overspeeding,4,Motorcycle; Car; Three Wheeler; Van,26-35,0,1,Low,"Fort Bus Stand Area, Colombo, Sri Lanka","Fort Bus Stand Area, Colombo, Sri Lanka","WVM4+6G8 Bastian Mawatha Bus Station, Olcott Mawatha, Colombo, Sri Lanka",6.932847,79.856589,Partially cloudy,0.0,6.8,76.2,38.5,2024-07-28T06:04:10,2024-07-28T18:30:15,Partially Cloudy,Good
Maligawatte Junction,2025-12-21,23:24,Minor Injury,Motorcycle Collision,Driver Fatigue,1,Motorcycle,56+,0,1,Low,"Maligawatte Junction, Colombo, Sri Lanka","Maligawatte Junction, Colombo, Sri Lanka","Maligawatte Square, Colombo 01000, Sri Lanka",6.9318113,79.8695229,Partially cloudy,0.0,4.8,75.5,52.2,2025-12-21T06:17:13,2025-12-21T18:00:26,Partially Cloudy,Moderate
Modara Junction,2022-07-19,22:38,Minor Injury,Motorcycle Collision,Driver Negligence,2,Motorcycle; Car,36-45,0,2,Low,"Modara Junction, Colombo, Sri Lanka","Modara Junction, Colombo, Sri Lanka","Modara, Colombo, Sri Lanka",6.9669247,79.8711533,"Rain, Partially cloudy",0.029,8.1,78.0,26.9,2022-07-19T06:02:49,2022-07-19T18:31:10,Light Rain,Good
Liberty Plaza Area,2024-11-13,16:33,Minor Injury,Pedestrian Collision,Reckless Driving,1,Van,26-35,0,2,Moderate,"Liberty Plaza Area, Colombo, Sri Lanka","Liberty Plaza Area, Colombo, Sri Lanka","300 Srimath Anagarika Dharmapala Mawatha, Colombo 00300, Sri Lanka",6.9118996,79.85130869999999,Partially cloudy,0.0,4.6,86.9,57.4,2024-11-13T06:00:31,2024-11-13T17:49:24,Partially Cloudy,Moderate
Modara Junction,2023-12-13,09:32,Fatal,Side-impact Collision,Distracted Driving,1,Three Wheeler,46-55,1,4,High,"Modara Junction, Colombo, Sri Lanka","Modara Junction, Colombo, Sri Lanka","Modara, Colombo, Sri Lanka",6.9669247,79.8711533,"Rain, Partially cloudy",0.012,7.7,78.1,33.3,2023-12-13T06:12:53,2023-12-13T17:56:26,Light Rain,Good
Hokandara Junction,2025-11-28,16:51,Serious Injury,Multi-vehicle Collision,Overspeeding,4,Bus; Motorcycle; Car; Bicycle,56+,0,6,High,"Hokandara Junction, Colombo, Sri Lanka","Hokandara Junction, Colombo, Sri Lanka","Hokandara Junction, Hokandara, Sri Lanka",6.8804862,79.9598989,"Rain, Overcast",7.105,2.9,96.5,99.6,2025-11-28T06:05:56,2025-11-28T17:51:24,Heavy Rain,Poor
Havelock Road Havelock Town,2025-05-23,17:27,Minor Injury,Single Vehicle Crash,Driver Fatigue,1,Lorry,36-45,0,1,Low,"Havelock Road Havelock Town, Colombo, Sri Lanka","Havelock Road Havelock Town, Colombo, Sri Lanka","Havelock Rd, Colombo 00500, Sri Lanka",6.8903417,79.8638234,"Rain, Partially cloudy",0.022,7.1,76.6,29.4,2025-05-23T05:53:28,2025-05-23T18:21:36,Light Rain,Good
Galle Road Fort,2025-04-21,10:01,Serious Injury,Side-impact Collision,Driver Negligence,4,Motorcycle; Van; Bus; Car,36-45,0,5,High,"Galle Road Fort, Colombo, Sri Lanka","Galle Road Fort, Colombo, Sri Lanka","Galle Buck Rd, Colombo, Sri Lanka",6.9363912,79.8415204,"Rain, Partially cloudy",0.083,7.0,80.1,51.2,2025-04-21T06:00:08,2025-04-21T18:18:48,Light Rain,Good
Borella Junction,2025-01-30,22:59,Minor Injury,Motorcycle Collision,Reckless Driving,2,Motorcycle; Car,46-55,0,1,Low,"Borella Junction, Colombo, Sri Lanka","Borella Junction, Colombo, Sri Lanka","18 Dr NM Perera Mawatha Rd, Colombo 00800, Sri Lanka",6.9139525,79.878481,"Rain, Partially cloudy",0.128,5.8,81.0,36.3,2025-01-30T06:29:20,2025-01-30T18:18:46,Light Rain,Moderate
Wijerama Junction,2022-08-01,17:12,Minor Injury,Pedestrian Collision,Failure to Yield,2,Motorcycle; Three Wheeler,18-25,0,1,Low,"Wijerama Junction, Colombo, Sri Lanka","Wijerama Junction, Colombo, Sri Lanka","Wijerama Mawatha, Colombo 00700, Sri Lanka",6.9110572,79.8711168,"Rain, Partially cloudy",0.099,8.3,83.1,39.6,2022-08-01T06:04:28,2022-08-01T18:29:36,Light Rain,Good
Sir Chittampalam A Gardiner Mawatha Fort,2023-08-24,14:55,Minor Injury,Rear-end Collision,Failure to Yield,2,Van; Motorcycle,26-35,0,1,Low,"Sir Chittampalam A Gardiner Mawatha Fort, Colombo, Sri Lanka","Sir Chittampalam A Gardiner Mawatha Fort, Colombo, Sri Lanka","Sir Chittampalam A Gardiner Mawath, Colombo, Sri Lanka",6.9298377,79.8477933,"Rain, Partially cloudy",0.063,8.2,76.6,51.3,2023-08-24T06:04:16,2023-08-24T18:22:05,Light Rain,Good
Colombo Fort Bus Stand Area,2024-03-31,18:38,Serious Injury,Multi-vehicle Collision,Driver Negligence,4,Motorcycle; Three Wheeler; Bicycle; Car,36-45,0,4,High,"Colombo Fort Bus Stand Area, Colombo, Sri Lanka","Colombo Fort Bus Stand Area, Colombo, Sri Lanka","WVM4+6G8 Bastian Mawatha Bus Station, Olcott Mawatha, Colombo, Sri Lanka",6.932847,79.856589,Rain,0.051,14.2,76.9,16.8,2024-03-31T06:09:19,2024-03-31T18:20:19,Light Rain,Good
Bambalapitiya Junction,2025-06-11,04:45,Minor Injury,Motorcycle Collision,Reckless Driving,2,Motorcycle; Three Wheeler,26-35,0,1,Low,"Bambalapitiya Junction, Colombo, Sri Lanka","Bambalapitiya Junction, Colombo, Sri Lanka","Bambalapitiya, Colombo 00500, Sri Lanka",6.8894192,79.8575468,"Rain, Partially cloudy",0.026,7.0,76.0,33.1,2025-06-11T05:54:54,2025-06-11T18:25:57,Light Rain,Good
Pelawatta Junction,2024-12-19,17:35,Serious Injury,Motorcycle Collision,Overspeeding,3,Motorcycle; Three Wheeler; Bicycle,18-25,0,3,Moderate,"Pelawatta Junction, Colombo, Sri Lanka","Pelawatta Junction, Colombo, Sri Lanka","B533, Sri Jayawardenepura Kotte, Sri Lanka",6.8913483,79.9289304,"Rain, Partially cloudy",0.637,5.9,86.2,57.4,2024-12-19T06:16:20,2024-12-19T17:59:33,Light Rain,Moderate
"No. 45 Jawatte Road, Colombo 05",2025-02-26,07:50,Fatal,Rear-end Collision,Unsafe Lane Change,1,Bus,18-25,1,1,High,"No. 45 Jawatte Road, Colombo 05, Colombo, Sri Lanka","No. 45 Jawatte Road, Colombo 05, Colombo, Sri Lanka","45 Jawatta Rd, Colombo 00500, Sri Lanka",6.8972848,79.8667921,Partially cloudy,0.0,6.8,65.6,24.1,2025-02-26T06:24:26,2025-02-26T18:22:49,Partially Cloudy,Good
Kochchikade Junction,2023-01-04,09:37,Minor Injury,Pedestrian Collision,Overspeeding,1,Bicycle,56+,0,2,Low,"Kochchikade Junction, Colombo, Sri Lanka","Kochchikade Junction, Colombo, Sri Lanka","Colombo, Sri Lanka",6.9270786,79.861243,Partially cloudy,0.0,8.2,64.7,47.9,2023-01-04T06:23:28,2023-01-04T18:07:26,Partially Cloudy,Good
Union Place Slave Island,2023-09-19,19:34,Minor Injury,Single Vehicle Crash,Reckless Driving,1,Lorry,46-55,0,3,Moderate,"Union Place Slave Island, Colombo, Sri Lanka","Union Place Slave Island, Colombo, Sri Lanka","Union Pl, Colombo, Sri Lanka",6.9203664,79.8578057,"Rain, Partially cloudy",1.658,6.2,89.9,71.5,2023-09-19T06:00:32,2023-09-19T18:08:45,Light Rain,Good
"No. 5 T B Jayah Mawatha, Maradana, Colombo 10",2022-09-01,19:58,Minor Injury,Pedestrian Collision,Overspeeding,1,Motorcycle,18-25,0,1,Moderate,"No. 5 T B Jayah Mawatha, Maradana, Colombo 10, Colombo, Sri Lanka","No. 5 T B Jayah Mawatha, Maradana, Colombo 10, Colombo, Sri Lanka","5 T. B. Jayah Mawatha, Colombo 01000, Sri Lanka",6.928052399999999,79.8634762,"Rain, Partially cloudy",1.368,6.7,87.7,33.9,2022-09-01T06:03:19,2022-09-01T18:18:11,Light Rain,Good
Pettah Clock Tower Area,2022-04-14,18:21,Minor Injury,Rear-end Collision,Distracted Driving,3,Motorcycle; Car; Three Wheeler,18-25,0,2,Low,"Pettah Clock Tower Area, Colombo, Sri Lanka","Pettah Clock Tower Area, Colombo, Sri Lanka","Pettah, Colombo, Sri Lanka",6.9367858,79.8525385,"Rain, Partially cloudy",1.095,8.0,86.0,21.7,2022-04-14T06:03:03,2022-04-14T18:19:05,Light Rain,Good
Sir Chittampalam A Gardiner Mawatha Fort,2024-10-20,14:51,Fatal,Pedestrian Collision,Overspeeding,1,Motorcycle,18-25,1,5,High,"Sir Chittampalam A Gardiner Mawatha Fort, Colombo, Sri Lanka","Sir Chittampalam A Gardiner Mawatha Fort, Colombo, Sri Lanka","Sir Chittampalam A Gardiner Mawath, Colombo, Sri Lanka",6.9298377,79.8477933,Partially cloudy,0.008,5.8,93.4,69.9,2024-10-20T05:57:09,2024-10-20T17:53:38,Partially Cloudy,Moderate
Hulftsdorp Junction,2022-12-11,08:37,Fatal,Head-on Collision,Distracted Driving,1,Lorry,18-25,1,2,High,"Hulftsdorp Junction, Colombo, Sri Lanka","Hulftsdorp Junction, Colombo, Sri Lanka","Hultsdorf St, Colombo, Sri Lanka",6.9375553,79.8608161,"Rain, Partially cloudy",1.479,7.2,85.9,35.7,2022-12-11T06:11:59,2022-12-11T17:55:41,Light Rain,Good
"No. 12 Nawala Road, Rajagiriya",2022-06-04,21:11,Serious Injury,Rear-end Collision,Overspeeding,1,Car,26-35,0,4,Moderate,"No. 12 Nawala Road, Rajagiriya, Colombo, Sri Lanka","No. 12 Nawala Road, Rajagiriya, Colombo, Sri Lanka","12 Nawala Rd, Sri Jayawardenepura Kotte 00500, Sri Lanka",6.874480999999999,79.8909402,"Rain, Partially cloudy",0.044,8.1,82.3,28.3,2022-06-04T05:53:54,2022-06-04T18:24:09,Light Rain,Good
Borella Junction,2024-07-12,21:25,Minor Injury,Rear-end Collision,Failure to Yield,3,Motorcycle; Lorry; Car,18-25,0,1,Low,"Borella Junction, Colombo, Sri Lanka","Borella Junction, Colombo, Sri Lanka","18 Dr NM Perera Mawatha Rd, Colombo 00800, Sri Lanka",6.9139525,79.878481,"Rain, Partially cloudy",0.037,7.3,78.8,77.4,2024-07-12T06:01:36,2024-07-12T18:31:12,Light Rain,Good
Kadawatha Junction,2023-06-24,17:41,Minor Injury,Motorcycle Collision,Unsafe Lane Change,2,Motorcycle; Bicycle,46-55,0,3,Moderate,"Kadawatha Junction, Colombo, Sri Lanka","Kadawatha Junction, Colombo, Sri Lanka","Kadawatha Rd, Colombo, Sri Lanka",6.862775,79.8805971,Partially cloudy,0.008,8.1,80.5,59.1,2023-06-24T05:57:21,2023-06-24T18:28:46,Partially Cloudy,Good
Galle Road Kollupitiya,2024-02-28,12:07,Minor Injury,Head-on Collision,Distracted Driving,3,Motorcycle; Bus; Three Wheeler,36-45,0,4,Low,"Galle Road Kollupitiya, Colombo, Sri Lanka","Galle Road Kollupitiya, Colombo, Sri Lanka","Galle Rd, Colombo, Sri Lanka",6.9037968,79.8521362,Partially cloudy,0.0,7.6,65.5,28.4,2024-02-28T06:23:59,2024-02-28T18:22:49,Partially Cloudy,Good
Galle Road Moratuwa,2023-11-07,16:49,Serious Injury,Rear-end Collision,Failure to Yield,2,Motorcycle; Three Wheeler,26-35,0,4,High,"Galle Road Moratuwa, Colombo, Sri Lanka","Galle Road Moratuwa, Colombo, Sri Lanka","Galle Rd, Sri Lanka",6.8164799,79.8765378,"Rain, Partially cloudy",2.446,7.8,88.3,59.4,2023-11-07T05:58:52,2023-11-07T17:49:41,Light Rain,Good
Kollupitiya Junction,2025-10-14,12:00,Fatal,Motorcycle Collision,Overspeeding,3,Motorcycle; Lorry; Car,36-45,1,1,Moderate,"Kollupitiya Junction, Colombo, Sri Lanka","Kollupitiya Junction, Colombo, Sri Lanka","Kollupitiya - Sri Jayewardenepura Rd, Colombo, Sri Lanka",6.9117245,79.8614617,"Rain, Partially cloudy",0.422,7.2,80.1,27.9,2025-10-14T05:57:19,2025-10-14T17:56:02,Light Rain,Good
Nelum Pokuna Area,2024-11-03,18:31,Serious Injury,Motorcycle Collision,Overspeeding,2,Motorcycle; Three Wheeler,56+,0,4,High,"Nelum Pokuna Area, Colombo, Sri Lanka","Nelum Pokuna Area, Colombo, Sri Lanka","110 Ananda Coomaraswamy Mawatha, Colombo 00700, Sri Lanka",6.910803199999999,79.86344670000001,"Rain, Partially cloudy",0.016,5.7,84.7,60.1,2024-11-03T05:58:17,2024-11-03T17:50:06,Light Rain,Moderate
Bambalapitiya Junction,2022-09-11,19:54,Minor Injury,Side-impact Collision,Driver Negligence,3,Motorcycle; Three Wheeler; Bus,56+,0,4,Moderate,"Bambalapitiya Junction, Colombo, Sri Lanka","Bambalapitiya Junction, Colombo, Sri Lanka","Bambalapitiya, Colombo 00500, Sri Lanka",6.8894192,79.8575468,Partially cloudy,0.0,8.2,81.0,28.2,2022-09-11T06:01:49,2022-09-11T18:12:58,Partially Cloudy,Good
High Level Road Kirulapone,2025-08-11,23:19,Minor Injury,Rear-end Collision,Driver Negligence,2,Motorcycle; Bus,18-25,0,1,Moderate,"High Level Road Kirulapone, Colombo, Sri Lanka","High Level Road Kirulapone, Colombo, Sri Lanka","High Level Rd, Colombo, Sri Lanka",6.8775584,79.8793098,"Rain, Partially cloudy",0.112,7.6,77.6,40.4,2025-08-11T06:04:53,2025-08-11T18:26:56,Light Rain,Good
Sea Street Kotahena,2025-09-16,08:48,Minor Injury,Head-on Collision,Pedestrian Negligence,1,Motorcycle,18-25,0,2,Low,"Sea Street Kotahena, Colombo, Sri Lanka","Sea Street Kotahena, Colombo, Sri Lanka","Sea St, Colombo 01300, Sri Lanka",6.9418464,79.8542501,"Rain, Partially cloudy",0.268,7.1,75.4,38.2,2025-09-16T06:00:58,2025-09-16T18:10:08,Light Rain,Good